-- phpMyAdmin SQL Dump
-- version 5.0.2
-- https://www.phpmyadmin.net/
--
-- Host: 127.0.0.1
-- Generation Time: Jun 28, 2021 at 01:35 PM
-- Server version: 10.4.14-MariaDB
-- PHP Version: 7.3.10

SET SQL_MODE = "NO_AUTO_VALUE_ON_ZERO";
START TRANSACTION;
SET time_zone = "+00:00";


/*!40101 SET @OLD_CHARACTER_SET_CLIENT=@@CHARACTER_SET_CLIENT */;
/*!40101 SET @OLD_CHARACTER_SET_RESULTS=@@CHARACTER_SET_RESULTS */;
/*!40101 SET @OLD_COLLATION_CONNECTION=@@COLLATION_CONNECTION */;
/*!40101 SET NAMES utf8mb4 */;

--
-- Database: `gdp`
--

-- --------------------------------------------------------

--
-- Table structure for table `doctrine_migration_versions`
--

CREATE TABLE `doctrine_migration_versions` (
  `version` varchar(191) COLLATE utf8_unicode_ci NOT NULL,
  `executed_at` datetime DEFAULT NULL,
  `execution_time` int(11) DEFAULT NULL
) ENGINE=InnoDB DEFAULT CHARSET=utf8 COLLATE=utf8_unicode_ci;

--
-- Dumping data for table `doctrine_migration_versions`
--

INSERT INTO `doctrine_migration_versions` (`version`, `executed_at`, `execution_time`) VALUES
('DoctrineMigrations\\Version20201206224559', '2020-12-06 23:48:18', 80),
('DoctrineMigrations\\Version20201206235639', '2020-12-07 00:56:51', 183),
('DoctrineMigrations\\Version20201207000310', '2020-12-07 01:03:20', 94),
('DoctrineMigrations\\Version20201207222802', '2020-12-07 23:28:14', 547),
('DoctrineMigrations\\Version20201207223512', '2020-12-07 23:35:20', 46),
('DoctrineMigrations\\Version20201207223855', '2020-12-07 23:39:04', 53),
('DoctrineMigrations\\Version20201207225649', '2020-12-07 23:56:59', 161),
('DoctrineMigrations\\Version20201207230431', '2020-12-08 00:04:48', 120),
('DoctrineMigrations\\Version20210106155417', '2021-01-06 16:54:29', 268),
('DoctrineMigrations\\Version20210129010321', '2021-01-29 02:03:39', 563),
('DoctrineMigrations\\Version20210129105459', '2021-01-29 11:55:06', 212),
('DoctrineMigrations\\Version20210129113317', '2021-01-29 12:33:22', 51),
('DoctrineMigrations\\Version20210129122901', '2021-01-29 13:29:06', 128),
('DoctrineMigrations\\Version20210203225906', '2021-02-03 23:59:17', 89),
('DoctrineMigrations\\Version20210208101024', '2021-02-08 11:10:32', 97),
('DoctrineMigrations\\Version20210427112646', '2021-04-27 13:26:54', 3772),
('DoctrineMigrations\\Version20210427114739', '2021-04-27 13:47:45', 10782),
('DoctrineMigrations\\Version20210427115412', '2021-04-27 13:54:24', 5824),
('DoctrineMigrations\\Version20210427120605', '2021-04-27 14:06:13', 176),
('DoctrineMigrations\\Version20210427121404', '2021-04-27 14:14:14', 203),
('DoctrineMigrations\\Version20210427122633', '2021-04-27 14:26:42', 1341),
('DoctrineMigrations\\Version20210427123215', '2021-04-27 14:32:21', 2019),
('DoctrineMigrations\\Version20210427124245', '2021-04-27 14:42:55', 3534),
('DoctrineMigrations\\Version20210501222859', '2021-05-02 00:29:15', 2860),
('DoctrineMigrations\\Version20210501231932', '2021-05-02 01:19:37', 292),
('DoctrineMigrations\\Version20210517171521', '2021-05-17 19:15:33', 832),
('DoctrineMigrations\\Version20210518144735', '2021-05-18 16:47:44', 2199),
('DoctrineMigrations\\Version20210519141357', '2021-05-19 16:14:09', 1036),
('DoctrineMigrations\\Version20210530143156', '2021-05-30 16:32:27', 2189),
('DoctrineMigrations\\Version20210605162918', '2021-06-05 18:33:51', 144);

-- --------------------------------------------------------

--
-- Table structure for table `nv1`
--

CREATE TABLE `nv1` (
  `id` int(11) NOT NULL,
  `designation` varchar(255) COLLATE utf8mb4_unicode_ci DEFAULT NULL,
  `code` varchar(255) COLLATE utf8mb4_unicode_ci DEFAULT NULL
) ENGINE=InnoDB DEFAULT CHARSET=utf8mb4 COLLATE=utf8mb4_unicode_ci;

--
-- Dumping data for table `nv1`
--

INSERT INTO `nv1` (`id`, `designation`, `code`) VALUES
(1, 'INSTANCES', 'N1_1'),
(2, 'DIRECTON', 'N1_2'),
(3, 'ETABLISSEMENT', 'N1_3'),
(4, 'PROJETS', 'N1_4');

-- --------------------------------------------------------

--
-- Table structure for table `nv2`
--

CREATE TABLE `nv2` (
  `id` int(11) NOT NULL,
  `nv1_id` int(11) DEFAULT NULL,
  `designation` varchar(255) COLLATE utf8mb4_unicode_ci DEFAULT NULL,
  `code` varchar(255) COLLATE utf8mb4_unicode_ci DEFAULT NULL
) ENGINE=InnoDB DEFAULT CHARSET=utf8mb4 COLLATE=utf8mb4_unicode_ci;

--
-- Dumping data for table `nv2`
--

INSERT INTO `nv2` (`id`, `nv1_id`, `designation`, `code`) VALUES
(1, 1, 'INSTANCES DE GOUVERNNANCE', 'N2_1'),
(2, 1, 'INSTANCES STRATEGIQUES', 'N2_2'),
(3, 2, 'DIRECTION GENERALE', 'N2_3'),
(4, 2, 'DIVISION FINANCIERE', 'N2_4'),
(5, 2, 'DIVISION DES ACTIVITES TRANSVERSES', 'N2_5'),
(6, 2, 'DIVISION GESTION ET CONTRÔLE', 'N2_6'),
(7, 3, 'ETABLISSEMENT SOCIALE', 'N2_7'),
(8, 3, 'ETABLISSEMENT HOSPITALIERE', 'N2_8'),
(9, 3, 'ETABLISSEMENT UNIVERSITAIRE', 'N2_9'),
(10, 3, 'HOLDING : SOCIETE AFRAICAINE DES SERVICES DE LA SANTE', 'N2_10'),
(11, 4, 'INTERNE', 'N2_11'),
(12, 4, 'EXTERNE', 'N2_12');

-- --------------------------------------------------------

--
-- Table structure for table `nv3`
--

CREATE TABLE `nv3` (
  `id` int(11) NOT NULL,
  `nv2_id` int(11) DEFAULT NULL,
  `designation` varchar(255) COLLATE utf8mb4_unicode_ci DEFAULT NULL,
  `code` varchar(255) COLLATE utf8mb4_unicode_ci DEFAULT NULL
) ENGINE=InnoDB DEFAULT CHARSET=utf8mb4 COLLATE=utf8mb4_unicode_ci;

--
-- Dumping data for table `nv3`
--

INSERT INTO `nv3` (`id`, `nv2_id`, `designation`, `code`) VALUES
(1, 1, 'CONSEIL D\'ADMINISTRATION', 'N3_1'),
(2, 2, 'COMMISSION', 'N3_2'),
(3, 2, 'COMITE', 'N3_3'),
(4, 3, 'DIRECTEUR GENERALE', 'N3_4'),
(5, 3, 'SECRETAIRE GENERALE', 'N3_5'),
(6, 3, 'COORDINATION GENERALE RESPONSABLE DES PROJETS ET OPERATIONS', 'N3_6'),
(7, 4, 'DIRECTION COMPTABILITE', 'N3_7'),
(8, 4, 'DIRECTION FISCALITE ET CLOTURE', 'N3_8'),
(9, 5, 'DIRECTION DES DEPARTEMENTS TRANSVERSES', 'N3_9'),
(10, 5, 'DIRECTION ORGANISATION ET SI', 'N3_10'),
(11, 6, 'DIRECTION DE LA GESTION DELEGUEE', 'N3_11'),
(12, 6, 'DIRECTION DU CONTRÔLE DE GESTION', 'N3_12'),
(13, 7, 'RH ET JURIDIQUE ET ACTIVITES SOCIALES', 'N3_13'),
(14, 8, 'SOINS ZONE CENTRALE', 'N3_14'),
(15, 8, 'SOINS ZONE SUD', 'N3_15'),
(16, 8, 'SOINS ZONE NORD', 'N3_16'),
(17, 9, 'ENSEIGNEMENT UNIVERSITAIRE', 'N3_17'),
(18, 9, 'ENSEIGNEMENT SCOLIRE ET PROFESSIONNEL', 'N3_18'),
(19, 9, 'RECHERCHE ET EXPERTISE', 'N3_19'),
(20, 10, 'PROFESSIONS PHARMACETIQUES ET ASSOCIES', 'N3_20'),
(21, 10, 'PROFESSIONS DE L\'HOTELLERIE ET DE LA RESTAURATION', 'N3_21'),
(22, 10, 'PROFESSIONS DES TRAVAUX ET SERVICES', 'N3_22'),
(23, 11, 'ZONE NORD', 'N3_23'),
(24, 11, 'ZONE CENTRALE', 'N3_24'),
(25, 12, 'ZONE SUD', 'N3_25'),
(26, 12, 'ZONE CENTRALE', 'N3_26');

-- --------------------------------------------------------

--
-- Table structure for table `nv4`
--

CREATE TABLE `nv4` (
  `id` int(11) NOT NULL,
  `nv3_id` int(11) DEFAULT NULL,
  `designation` varchar(255) COLLATE utf8mb4_unicode_ci DEFAULT NULL,
  `code` varchar(255) COLLATE utf8mb4_unicode_ci DEFAULT NULL
) ENGINE=InnoDB DEFAULT CHARSET=utf8mb4 COLLATE=utf8mb4_unicode_ci;

--
-- Dumping data for table `nv4`
--

INSERT INTO `nv4` (`id`, `nv3_id`, `designation`, `code`) VALUES
(1, 1, 'ASSISTANCE GENERALE', 'N4_1'),
(2, 1, 'AUTRE', 'N4_2'),
(3, 2, 'COMMISSION CHARGEÉ DU DÉVELOPPEMENT ET DE LA STRATÉGIE', 'N4_3'),
(4, 2, 'COMMISSION CHARGÉE DES RELATIONS EXTERNES', 'N4_4'),
(5, 3, 'COMITÉ D’ÉTUDE ', 'N4_5'),
(6, 3, 'COMITÉ D’AUDIT ', 'N4_6'),
(7, 3, 'COMITÉ DES RÉMUNÉRATIONS ', 'N4_7'),
(8, 3, 'COMITÉ D\'ÉVALUATION DE LA GOUVERNANCE ', 'N4_8'),
(9, 3, 'COMITÉ D\'ÉTHIQUE', 'N4_9'),
(10, 3, 'COMITÉ DE RECHERCHE SCIENTIFIQUE', 'N4_10'),
(11, 7, 'DEPARTEMENT COMPTABILITE GENERALE', 'N4_11'),
(12, 7, 'DEPARTEMENT GESTION DES IMMOBILISATIONS', 'N4_12'),
(13, 7, 'DEPARTEMENT ANALYSE ET RAPPROCHEMENT COMPTABLE', 'N4_13'),
(14, 8, 'DEPARTEMENT FISCALITE', 'N4_14'),
(15, 8, 'DEPARTEMENT CLOTURE', 'N4_15'),
(16, 8, 'DEPARTEMENT BUDGETISATION', 'N4_16'),
(17, 9, 'DEPARTEMENT ACHAT CENTRAL ET GESTION DES COUTS', 'N4_17'),
(18, 9, 'DEPARTEMENT ACHAT INVESTISSEMENTS', 'N4_18'),
(19, 9, 'DEPARTEMENTS D\'APPROVISIONNEMENT ET PATRIMOINE - SERVICE D\'APPROVISIONNEMENT DROGUERIES', 'N4_19'),
(20, 9, 'DEPARTEMENTS D\'APPROVISIONNEMENT ET PATRIMOINE - SERVICE D\'APPROVISIONNEMENT CONSOMMABLES INFRMATIQUES', 'N4_20'),
(21, 9, 'DEPARTEMENTS D\'APPROVISIONNEMENT ET PATRIMOINE - SERVICE D\'APPROVISIONNEMENT FOURNITURE BUREAU', 'N4_21'),
(22, 9, 'DEPARTEMENTS D\'APPROVISIONNEMENT ET PATRIMOINE - SERVICE D\'APPROVISIONNEMENT PRODUITS D\'HYGIEN ET DE NETTOYAGE', 'N4_22'),
(23, 9, 'DEPARTEMENTS D\'APPROVISIONNEMENT ET PATRIMOINE - SERVICE D\'APPROVISIONNEMENT MATERIEL BIOMEDICAL', 'N4_23'),
(24, 9, 'DEPARTEMENTS D\'APPROVISIONNEMENT ET PATRIMOINE - SERVICE D\'APPROVISIONNEMENT MATERIEL SCIENTIFIQUE', 'N4_24'),
(25, 9, 'DEPARTEMENTS D\'APPROVISIONNEMENT ET PATRIMOINE - SERVICE DE GESTION DU PATRIMOINE', 'N4_25'),
(26, 10, 'DEPARTEMENT DE GESTION DES PROJETS', 'N4_26'),
(27, 10, 'LA MAROCAINE DES SYSTÈMES ET TECHNOLOGIES DE L\'INFORMATION FCZ', 'N4_27'),
(28, 10, 'DEPARTEMENT QUALITE ET ORGANISATION', 'N4_28'),
(29, 11, 'DEPARTEMENT DE GESTION FINANCIERE DELEGUEE', 'N4_29'),
(30, 11, 'DEPARTEMET BANQUES & REGIES', 'N4_30'),
(31, 11, 'DEPARTEMENT GESTION GRANDS COMPTES - SERVICE CONTRÔLE GRAND COMPTE_FCZ_COURANT', 'N4_31'),
(32, 11, 'DEPARTEMENT GESTION GRANDS COMPTES - SERVICE CONTRÔLE GRAND COMPTE_FCZ_CONSO', 'N4_32'),
(33, 11, 'DEPARTEMENT GESTION GRANDS COMPTES - SERVICE CONTRÔLE GRAND COMPTE_FCZ_PLACEMENT', 'N4_33'),
(34, 11, 'DEPARTEMENT GESTION GRANDS COMPTES - SERVICE CONTRÔLE GRAND COMPTE_FCZ_INVISTISSEMENT', 'N4_34'),
(35, 11, 'DEPARTEMENT GESTION GRANDS COMPTES - SERVICE CONTRÔLE GRAND COMPTE_FCZ_ETRANGER', 'N4_35'),
(36, 12, 'DEPARTEMENT DONNEES', 'N4_36'),
(37, 12, 'DEPARTEMENT CONTRÔLE GESTION', 'N4_37'),
(38, 12, 'DEPARETEMENT AUDIT', 'N4_38'),
(39, 13, 'DEPARTEMENT DES RESSOURCES HUMAINES', 'N4_39'),
(40, 13, 'DEPARTEMENT JURIDIQUE', 'N4_40'),
(41, 13, 'DEPARTEMENT RELATIONS PUBLIQUES', 'N4_41'),
(42, 13, 'DEPARTEMENT SOCIAL - SERVICE SOCIAL POUR LES EXTERNES', 'N4_42'),
(43, 13, 'DEPARTEMENT SOCIAL - SERVICE SOCIAL POUR LES EXTERNES : BUREAU DES PEC MEDICAL', 'N4_43'),
(44, 13, 'DEPARTEMENT SOCIAL - SERVICE SOCIAL POUR LES EXTERNES : BUREAU DES BOURCES ET PEC FORMATION', 'N4_44'),
(45, 13, 'DEPARTEMENT SOCIAL - SERVICE SOCIAL POUR LES EXTERNES : BUREAU DES ACTIONS SOCIALES DIVERS', 'N4_45'),
(46, 13, 'DEPARTEMENT SOCIAL - SERVICE SOCIAL AU PROFIT PERSONNEL ET AYANTS DROIT', 'N4_46'),
(47, 13, 'DEPARTEMENT SOCIAL - SERVICE SOCIAL AU PROFIT PERSONNEL ET AYANTS DROIT : BUREAU DES PEC MEDICAL', 'N4_47'),
(48, 13, 'DEPARTEMENT SOCIAL - SERVICE SOCIAL AU PROFIT PERSONNEL ET AYANTS DROIT : BUREAU DES BOURCES ET PEC FORMATION', 'N4_48'),
(49, 13, 'DEPARTEMENT SOCIAL - SERVICE SOCIAL AU PROFIT PERSONNEL ET AYANTS DROIT : BUREAU DES ACTIONS SOCIALES DIVERS', 'N4_49'),
(50, 13, 'CENTRE SOCIAL MOBILE DES SOINS MEDICAUX RABAT', 'N4_50'),
(51, 13, 'LA MAROCAINE DES ŒUVRES SOCIALES/FCZ (ASSOCIATION)', 'N4_51'),
(52, 14, 'HOPITAL UNIVERSITAIRE INTERNATIONNAL CHEIKH ZAID RABAT', 'N4_52'),
(53, 14, 'CENTRE DE SOINS ET DE RECHERCHES DENTAIRES CHEIKH ZAID RABAT', 'N4_53'),
(54, 14, 'LABORATOIRE DE PROTHESES DENTAIRES FCZ', 'N4_54'),
(55, 14, 'ASSISTANCE ALLO HOPITAL ZONE CENTRALE', 'N4_55'),
(56, 14, 'LABORATOIRE DU MAGHREB RABAT', 'N4_56'),
(57, 14, 'COMPLEXE MEDICAL BOUZNIKA', 'N4_57'),
(58, 14, 'FONDATION CHEIKH ZAID COVID-19', 'N4_58'),
(59, 14, 'HOPITAUX PUBLICS PARTENAIRES RABAT - HOPITAL TIFELET', 'N4_59'),
(60, 14, 'HOPITAUX PUBLICS PARTENAIRES RABAT - CENTRE BAB EL BOUIBA', 'N4_60'),
(61, 14, 'HOPITAUX PUBLICS PARTENAIRES RABAT - DISPENSAIRE AL AMAL', 'N4_61'),
(62, 14, 'HOPITAUX PUBLICS PARTENAIRES RABAT - DISPENSAIRE EL MELK', 'N4_62'),
(63, 14, 'HOPITAUX PUBLICS PARTENAIRES RABAT - DISPENSAIRE ANOUAR', 'N4_63'),
(64, 14, 'HOPITAUX PUBLICS PARTENAIRES RABAT - CENTRE DENTAIRE AIN ATIQ', 'N4_64'),
(65, 15, 'HOPITAL MULTIDISCIPLINAIRE BENGUERIR', 'N4_65'),
(66, 15, 'HOPITAL MULTIDISCIPLINAIRE KHOURIBGA', 'N4_66'),
(67, 15, 'HOPITAL MULTIDISCIPLINAIRE YOUSSOUFIA', 'N4_67'),
(68, 15, 'HOPITAL MULTIDISCIPLINAIRE SAFI INV', 'N4_68'),
(69, 15, 'ASSISTANCE ALLO HOPITAL ZONE SUD', 'N4_69'),
(70, 16, 'HOPITAL UNIVERSITAIRE TANGER', 'N4_70'),
(71, 16, 'CENTRE DE SOINS ET DE RECHERCHES DENTAIRES TANGER', 'N4_71'),
(72, 16, 'ASSISTANCE ALLO HOPITAL ZONE NORD', 'N4_72'),
(73, 17, 'UNIVERSITE INTERNATIONALE ABULCASIS DES SCIENCES DE LA SANTE RABAT', 'N4_73'),
(74, 17, 'ECOLE AFRICAINE DES SCIENCES DE LA SANTE RABAT', 'N4_74'),
(75, 17, 'CENTRE RESIDANAT RABAT', 'N4_75'),
(76, 17, 'CENTRE SIMULATION RABAT', 'N4_76'),
(77, 17, 'CENTRE DE FORMATION CONTINUE ABULCASIS RABAT', 'N4_77'),
(78, 18, 'LYCEE D\'EXCELLENCE ZAHRAWI - ABULCASIS', 'N4_78'),
(79, 18, 'LYCEE ABULCASIS DES CLASSES PREPARATOIRES', 'N4_79'),
(80, 18, 'INSTITUT DE FORMATION AUX CARIERES PARAMEDICALES RABAT', 'N4_80'),
(81, 19, 'CENTRE SCIENTIFIQUE DE RECHERCHE', 'N4_81'),
(82, 19, 'CENTRE DE BIOEQUIVALENCE RABAT', 'N4_82'),
(83, 19, 'ECOLE DOCTORALE FCZ RABAT', 'N4_83'),
(84, 20, 'EPI PHARMACEUTIQUE FCZ', 'N4_84'),
(85, 20, 'LA MAROCAINE DU MEDICAMENT : AFRIC-MED REPARTITEUR GROSSISTE RABAT', 'N4_85'),
(86, 20, 'LA MAROCAINE DU MEDICAMENT : OFFICINES ET PARAPHARMACIES FCZ ZONE CENTRALE - OFFICINES ET PARAPHARMACIES FCZ ZONE CENTRALE : OFFICINE RABAT', 'N4_86'),
(87, 20, 'LA MAROCAINE DU MEDICAMENT : OFFICINES ET PARAPHARMACIES FCZ ZONE CENTRALE - OFFICINES ET PARAPHARMACIES FCZ ZONE CENTRALE : PARAPHARMACIE RABAT', 'N4_87'),
(88, 20, 'LA MAROCAINE DU MEDICAMENT : OFFICINES ET PARAPHARMACIES FCZ ZONE CENTRALE - OFFICINES ET PARAPHARMACIES FCZ ZONE CENTRALE : DISPOSITIF RABAT', 'N4_88'),
(89, 20, 'LA MAROCAINE DU MEDICAMENT : OFFICINES ET PARAPHARMACIES FCZ ZONE NORD', 'N4_89'),
(90, 20, 'LA MAROCAINE DU MEDICAMENT : OFFICINES ET PARAPHARMACIES FCZ ZONE SUD', 'N4_90'),
(91, 21, 'LA MAROCAINE DE LA RESTAURATION : L\'CASIS UNIVERSITY RESTAURANT RABAT', 'N4_91'),
(92, 21, 'LA MAROCAINE DE LA RESTAURATION : L\'CASIS HOSPITAL RESTAURANT KHOURIBGUA', 'N4_92'),
(93, 21, 'LA MAROCAINE DE LA RESTAURATION : L\'CASIS HOSPITAL RESTAURANT YOUSSOUFIA', 'N4_93'),
(94, 21, 'LA MAROCAINE DE LA RESTAURATION : L\'CASIS HOSPITAL RESTAURANT RABAT', 'N4_94'),
(95, 21, 'LA MAROCAINE DE LA RESTAURATION : L\'CASIS CONDITIONNEMENT', 'N4_95'),
(96, 21, 'LA MAROCAINE DE LA RESTAURATION : L’CASIS RESTAURATION EXTERNE RABAT - L’CASIS RESTAURATION EXTERNE RABAT - CAFE', 'N4_96'),
(97, 21, 'LA MAROCAINE DE LA RESTAURATION : L’CASIS RESTAURATION EXTERNE RABAT - L’CASIS RESTAURATION EXTERNE RABAT - FAST FOOD', 'N4_97'),
(98, 21, 'LA MAROCAINE DE LA RESTAURATION : L’CASIS RESTAURATION EXTERNE RABAT - L’CASIS RESTAURATION EXTERNE RABAT - RESTAURANT', 'N4_98'),
(99, 21, 'LA MAROCAINE DE LA RESTAURATION : L’CASIS RESTAURATION EXTERNE RABAT - L’CASIS RESTAURATION EXTERNE RABAT - DISTRIBUTEUR', 'N4_99'),
(100, 21, 'LA MAROCAINE DE LA RESTAURATION : L’CASIS RESTAURATION EXTERNE RABAT - L’CASIS RESTAURATION EXTERNE RABAT - BAR ETUDIANT', 'N4_100'),
(101, 21, 'LA MAROCAINE D\'HEBERGEMENT UNIVERSITAIRE RABAT : CENTRE 01', 'N4_101'),
(102, 21, 'LA MAROCAINE D\'HEBERGEMENT UNIVERSITAIRE RABAT : CENTRE 02', 'N4_102'),
(103, 22, 'SOCIETE AFRICAINE DES SERVICES DE LA SANTE-TRAVAUX - SOCIETE AFRICAINE DES SERVICES DE LA SANTE-TRAVAUX : STRUCTURE', 'N4_103'),
(104, 22, 'SOCIETE AFRICAINE DES SERVICES DE LA SANTE-TRAVAUX - SOCIETE AFRICAINE DES SERVICES DE LA SANTE-TRAVAUX : TECHNIQUE', 'N4_104'),
(105, 22, 'SOCIETE AFRICAINE DES SERVICES DE LA SANTE-TRAVAUX - SOCIETE AFRICAINE DES SERVICES DE LA SANTE-TRAVAUX : ARCHI', 'N4_105'),
(106, 22, 'SOCIETE AFRICAINE DES SERVICES DE MAINTENANCE FCZ', 'N4_106'),
(107, 22, 'SOCIETE AFRICAINE D\'IMPRESSION : CENTRE FCZ RABAT', 'N4_107'),
(108, 22, 'SOCIETE AFRICAINE DES SERVICES DE LA SANTE-METIERS - SOCIETE AFRICAINE DES SERVICES DE LA SANTE-METIERS : NETTOYAGE', 'N4_108'),
(109, 22, 'SOCIETE AFRICAINE DES SERVICES DE LA SANTE-METIERS - SOCIETE AFRICAINE DES SERVICES DE LA SANTE-METIERS : SECURITE', 'N4_109'),
(110, 22, 'SOCIETE AFRICAINE DES SERVICES DE LA SANTE-METIERS - SOCIETE AFRICAINE DES SERVICES DE LA SANTE-METIERS : JARDINNAGE', 'N4_110'),
(111, 22, 'SOCIETE AFRICAINE DES SERVICES DE LA SANTE-METIERS - SOCIETE AFRICAINE DES SERVICES DE LA SANTE-METIERS : AIDE SOIGNANT', 'N4_111'),
(112, 22, 'SOCIETE AFRICAINE DES ETUDES ET INGENIERIE DE LA SANTE FCZ', 'N4_112'),
(113, 22, 'SOCIETE AFRICAINE DE LA LOGISTIQUE : CENTRE LOGISTIQUE FCZ RABAT - CENTRE LOGISTIQUE FCZ RABAT : PARC', 'N4_113'),
(114, 22, 'SOCIETE AFRICAINE DE LA LOGISTIQUE : CENTRE LOGISTIQUE FCZ RABAT - CENTRE LOGISTIQUE FCZ RABAT : PARKING', 'N4_114'),
(115, 22, 'SOCIETE AFRICAINE DES SERVICES DIVERS: L’CASIS SERVICES RABAT - L’CASIS SERVICES RABAT - BUANDERIE', 'N4_115'),
(116, 22, 'SOCIETE AFRICAINE DES SERVICES DIVERS: L’CASIS SERVICES RABAT - L’CASIS SERVICES RABAT - LAVOMATIC', 'N4_116'),
(117, 22, 'SOCIETE AFRICAINE DES SERVICES DIVERS: L’CASIS SERVICES RABAT - L’CASIS SERVICES RABAT - COIFFURE', 'N4_117'),
(118, 22, 'SOCIETE AFRICAINE DES SERVICES DIVERS: L’CASIS SERVICES RABAT - L’CASIS SERVICES RABAT - EPICERIE', 'N4_118'),
(119, 22, 'SOCIETE AFRICAINE DES SERVICES DIVERS: L’CASIS SERVICES RABAT - L’CASIS SERVICES RABAT - CENTRE D APPEL', 'N4_119'),
(120, 22, 'SOCIETE AFRICAINE DES SERVICES DIVERS: L’CASIS SERVICES RABAT - L’CASIS SERVICES RABAT - ESPACES REPOS', 'N4_120'),
(121, 22, 'SOCIETE AFRICAINE DES SERVICES DIVERS: L’CASIS SERVICES RABAT - L’CASIS SERVICES RABAT - CENTRE SPORTIVO-CULTUREL', 'N4_121'),
(122, 22, 'SOCIETE AFRICAINE DE L\'ARCHIVAGE INSTITUTIONNEL', 'N4_122'),
(123, 24, 'CENTRE HEBERGFEMENT IRFANE', 'N4_123'),
(124, 23, 'HOPITAL DE TANGER', 'N4_124'),
(125, 24, 'COMPLXE DE BOUZNIKA', 'N4_125'),
(126, 26, 'REAMENAGEMENT CPHMH', 'N4_126'),
(127, 26, 'REAMENAGEMENT BELVEDERE', 'N4_127'),
(128, 26, 'REAMENAGEMENT TAMEJAJT', 'N4_128'),
(129, 26, 'REAMENAGEMENT MASSIRA', 'N4_129'),
(130, 26, 'REAMENAGEMENT HILTON', 'N4_130'),
(131, 26, 'AMENAGEMENT MAGASINS', 'N4_131'),
(132, 26, 'DISPENSAIRE BAB EL BOUIBA', 'N4_132'),
(133, 26, 'HOPITAL DE TIFELT', 'N4_133'),
(134, 26, 'DISPENSAIRE EL AMAL', 'N4_134'),
(135, 26, 'DISPENSAIRE ANOUR', 'N4_135'),
(136, 26, 'DISPENSAIRE MELK', 'N4_136'),
(137, 24, 'PARKING HCZ', 'N4_137'),
(138, 24, 'COMPLEXE RESID TAMESNA', 'N4_138'),
(139, 26, 'CENTRE DENTAIRE AIN ATIQ', 'N4_139'),
(140, 24, 'MISE A NIVEAU SERVICES HCZ', 'N4_140'),
(141, 25, 'HEBERGEMENT KHOURIBGA', 'N4_141'),
(142, 25, 'HEBERGEMENT YOUSSOUFIA', 'N4_142'),
(143, 25, 'NOUVEAU HOPITAL BENGUERIR', 'N4_143'),
(144, 24, 'REAMENAGEMNT EXTER HCZ', 'N4_144'),
(145, 24, 'FINALISATION CENTRE DENTAIRE', 'N4_145'),
(146, 24, 'URBANISATION HCZ', 'N4_146'),
(147, 26, 'HOPITAL MEKNES', 'N4_147'),
(148, 24, 'LABO PROTHESE DENTAIRE', 'N4_148'),
(149, 25, 'HOPITAL ASSAFI', 'N4_149'),
(150, 24, 'UIASS', 'N4_150'),
(151, 14, 'CENTRE D\'IMAGERIE MADICALE ET RADIOLOGIE INTERVENTIONNELLE', 'N4_151'),
(152, 14, 'CENTRE DE BIOLOGIE MEDICALE ET ANATOMOPATHOLOGIE', 'N4_152'),
(153, 14, 'CENTRE ENDOCRINO-GASTROLOGIE ET EXPLORATIONS DIGESTIVES', 'N4_153'),
(154, 14, 'CENTRE DE PNEUMOLOGIE ET MEDECINE INTERNE', 'N4_154'),
(155, 14, 'CENTRE D\'HEMATOLOGIE ADULTE ET ENFANT', 'N4_155'),
(156, 14, 'CENTRE D\'ONCOLOGIE, RADIOTHERAPIE ET MEDECINE NUCLEAIRE', 'N4_156'),
(157, 14, 'CENTRE DE NEUROCHIR-NEUROLOGIE ET RADIOLOGIE VASCULAIRE', 'N4_157'),
(158, 14, 'CENTRE DE NEPHROLOGIE-UROLOGIE', 'N4_158'),
(159, 14, 'CENTRE DE TRAUMATOLOGIE ET RHUMATO ET READAPTATION', 'N4_159'),
(160, 14, 'CENTRE DE CHIRURGIE GENERALE- ORL-THORA-VASC', 'N4_160'),
(161, 14, 'CENTRE D\'OPHTALMOLOGIE', 'N4_161'),
(162, 14, 'CENTRE CARDIOLOGIE MEDICO-CHIRURGICALE ADULTE', 'N4_162'),
(163, 14, 'CENTRE CARDIOLOGIE MEDICO-CHIRURGICALE ENFANT', 'N4_163'),
(164, 14, 'CENTRE DE GYNECOLOGIE-OBSTETRIQUE', 'N4_164'),
(165, 14, 'CENTRE DE PROCREATION MEDICALE ASSISTEE', 'N4_165'),
(166, 14, 'CENTRE DE PEDIATRIE', 'N4_166'),
(167, 14, 'CENTRE D\'URGENTOLOGIE ET BLOCS OPERATOIRES', 'N4_167'),
(168, 14, 'CENTRE SOINS INTENSIFS-REANIMATION MEDICALE ET CHIRURGICALE', 'N4_168'),
(169, 14, 'CENTRE DE KINESITHERAPIE ET BIEN ETRE', 'N4_169'),
(170, 14, 'CENTRE DE GERIATRIE', 'N4_170'),
(171, 14, 'CENTRE DE CHECK-UP', 'N4_171');

-- --------------------------------------------------------

--
-- Table structure for table `nv5`
--

CREATE TABLE `nv5` (
  `id` int(11) NOT NULL,
  `nv4_id` int(11) DEFAULT NULL,
  `designation` varchar(255) COLLATE utf8mb4_unicode_ci DEFAULT NULL,
  `code` varchar(255) COLLATE utf8mb4_unicode_ci DEFAULT NULL
) ENGINE=InnoDB DEFAULT CHARSET=utf8mb4 COLLATE=utf8mb4_unicode_ci;

--
-- Dumping data for table `nv5`
--

INSERT INTO `nv5` (`id`, `nv4_id`, `designation`, `code`) VALUES
(1, 1, 'PV', 'N5_1'),
(2, 1, 'RAPPORTS', 'N5_2'),
(3, 1, 'AUTRES', 'N5_3'),
(4, 2, 'PV', 'N5_4'),
(5, 2, 'RAPPORTS', 'N5_5'),
(6, 2, 'AUTRES', 'N5_6'),
(7, 3, 'PV', 'N5_7'),
(8, 3, 'RAPPORTS', 'N5_8'),
(9, 3, 'AUTRES', 'N5_9'),
(10, 4, 'PV', 'N5_10'),
(11, 4, 'RAPPORTS', 'N5_11'),
(12, 4, 'AUTRES', 'N5_12'),
(13, 5, 'PV', 'N5_13'),
(14, 5, 'RAPPORTS', 'N5_14'),
(15, 5, 'AUTRES', 'N5_15'),
(16, 6, 'PV', 'N5_16'),
(17, 6, 'RAPPORTS', 'N5_17'),
(18, 6, 'AUTRES', 'N5_18'),
(19, 7, 'PV', 'N5_19'),
(20, 7, 'RAPPORTS', 'N5_20'),
(21, 7, 'AUTRES', 'N5_21'),
(22, 8, 'PV', 'N5_22'),
(23, 8, 'RAPPORTS', 'N5_23'),
(24, 8, 'AUTRES', 'N5_24'),
(25, 9, 'PV', 'N5_25'),
(26, 9, 'RAPPORTS', 'N5_26'),
(27, 9, 'AUTRES', 'N5_27'),
(28, 10, 'PV', 'N5_28'),
(29, 10, 'RAPPORTS', 'N5_29'),
(30, 10, 'AUTRES', 'N5_30'),
(31, 11, 'REPORTINGS MENSUELS', 'N5_31'),
(32, 11, 'FICHES', 'N5_32'),
(33, 11, 'DOSSIERS', 'N5_33'),
(34, 11, 'AUTRES', 'N5_34'),
(35, 12, 'REPORTINGS MENSUELS', 'N5_35'),
(36, 12, 'FICHES', 'N5_36'),
(37, 12, 'DOSSIERS', 'N5_37'),
(38, 12, 'AUTRES', 'N5_38'),
(39, 13, 'REPORTINGS MENSUELS', 'N5_39'),
(40, 13, 'FICHES', 'N5_40'),
(41, 13, 'DOSSIERS', 'N5_41'),
(42, 13, 'AUTRES', 'N5_42'),
(43, 14, 'REPORTINGS MENSUELS', 'N5_43'),
(44, 14, 'FICHES', 'N5_44'),
(45, 14, 'DOSSIERS', 'N5_45'),
(46, 14, 'AUTRES', 'N5_46'),
(47, 15, 'REPORTINGS MENSUELS', 'N5_47'),
(48, 15, 'FICHES', 'N5_48'),
(49, 15, 'DOSSIERS', 'N5_49'),
(50, 15, 'AUTRES', 'N5_50'),
(51, 16, 'REPORTINGS MENSUELS', 'N5_51'),
(52, 16, 'FICHES', 'N5_52'),
(53, 16, 'DOSSIERS', 'N5_53'),
(54, 16, 'AUTRES', 'N5_54'),
(55, 17, 'REPORTINGS MENSUELS', 'N5_55'),
(56, 17, 'FICHES', 'N5_56'),
(57, 17, 'DOSSIERS', 'N5_57'),
(58, 17, 'AUTRES', 'N5_58'),
(59, 18, 'REPORTINGS MENSUELS', 'N5_59'),
(60, 18, 'FICHES', 'N5_60'),
(61, 18, 'DOSSIERS', 'N5_61'),
(62, 18, 'AUTRES', 'N5_62'),
(63, 19, 'REPORTINGS MENSUELS', 'N5_63'),
(64, 19, 'FICHES', 'N5_64'),
(65, 19, 'DOSSIERS', 'N5_65'),
(66, 19, 'AUTRES', 'N5_66'),
(67, 20, 'REPORTINGS MENSUELS', 'N5_67'),
(68, 20, 'FICHES', 'N5_68'),
(69, 20, 'DOSSIERS', 'N5_69'),
(70, 20, 'AUTRES', 'N5_70'),
(71, 21, 'REPORTINGS MENSUELS', 'N5_71'),
(72, 21, 'FICHES', 'N5_72'),
(73, 21, 'DOSSIERS', 'N5_73'),
(74, 21, 'AUTRES', 'N5_74'),
(75, 22, 'REPORTINGS MENSUELS', 'N5_75'),
(76, 22, 'FICHES', 'N5_76'),
(77, 22, 'DOSSIERS', 'N5_77'),
(78, 22, 'AUTRES', 'N5_78'),
(79, 23, 'REPORTINGS MENSUELS', 'N5_79'),
(80, 23, 'FICHES', 'N5_80'),
(81, 23, 'DOSSIERS', 'N5_81'),
(82, 23, 'AUTRES', 'N5_82'),
(83, 24, 'REPORTINGS MENSUELS', 'N5_83'),
(84, 24, 'FICHES', 'N5_84'),
(85, 24, 'DOSSIERS', 'N5_85'),
(86, 24, 'AUTRES', 'N5_86'),
(87, 25, 'REPORTINGS MENSUELS', 'N5_87'),
(88, 25, 'FICHES', 'N5_88'),
(89, 25, 'DOSSIERS', 'N5_89'),
(90, 25, 'AUTRES', 'N5_90'),
(91, 26, 'REPORTINGS MENSUELS', 'N5_91'),
(92, 26, 'FICHES', 'N5_92'),
(93, 26, 'DOSSIERS', 'N5_93'),
(94, 26, 'AUTRES', 'N5_94'),
(95, 27, 'G1 - U3S – COMPTE CONSO', 'N5_95'),
(96, 27, 'G2 - GESTION ENTREPRISE U3S – UGOUV', 'N5_96'),
(97, 27, 'G4 - PLATEFORME DE GESTION DE LA PAIE', 'N5_97'),
(98, 27, 'G7 - PLATEFORME DE GESTION COMPTABLE - DOLIBARR', 'N5_98'),
(99, 27, 'G5 - PLATEFORME DE GESTION DES PROJETS', 'N5_99'),
(100, 27, 'G11 - PLATEFORME DE GESTION PARA-PHARMACIE', 'N5_100'),
(101, 27, 'G10 - SOLUTION D’ASSIDUITE FCZ – ASD-PERSONNEL', 'N5_101'),
(102, 27, 'E1 - PLATEFORME DE GESTSION DES ETUDES CLINIQES - CEB', 'N5_102'),
(103, 27, 'E2 - SOLUTION D’ADMINISTRATION D’UN CENTRE DE SIMULATION MEDICALE U3S – CSM', 'N5_103'),
(104, 27, 'U1 - U3S-UNIV', 'N5_104'),
(105, 27, 'U2 - PLATEFORME U3S - STD', 'N5_105'),
(106, 27, 'U3 - PLATEFORME TELECHARGEMENT DES COURS U3S - CRS', 'N5_106'),
(107, 27, 'U4 - SOLUTION D’ASSIDUITE FCZ – ASD', 'N5_107'),
(108, 27, 'U7 - JOURNAL DE BORD U3S-JDB', 'N5_108'),
(109, 27, 'U8 - PLATEFORME UNIVERSITAIRE U3S - QCM', 'N5_109'),
(110, 27, 'U5 - SERVICES ETUDIANTS – DEMANDES DOCUMENTS ET INFOS', 'N5_110'),
(111, 27, 'U8 - PLATEFORME RESIDANT', 'N5_111'),
(112, 27, 'U9 - PLATEFORME INTERNAT', 'N5_112'),
(113, 27, 'U10 - PLATEFORME CPGE', 'N5_113'),
(114, 27, 'H1 - PLATEFORME DE GESTION DES COMPTES RENDUS', 'N5_114'),
(115, 27, 'H3 - PLATEFORME COVID', 'N5_115'),
(116, 27, 'G6 - PLATEFORME DE GESTION DES ARCHIVES', 'N5_116'),
(117, 27, 'U6 - SOLUTION SERVICES ETUDIANTS - RESTAURANTS', 'N5_117'),
(118, 27, 'U9 - CENTRE SOCIAL D\'HEBERGEMENT ETRANGER CSHE', 'N5_118'),
(119, 27, 'H2 - PLATEFORME CLIENT HOSPITALIER', 'N5_119'),
(120, 27, 'G1 - FONDATION CHEIKH ZAID FCZ', 'N5_120'),
(121, 27, 'G2 - CENTRALE D’ACHAT ET D’APPROVISIONNEMENT FCZ CAFCZ', 'N5_121'),
(122, 27, 'G3 - CENTRE TECHNIQUE CHEIKH ZAID CTH', 'N5_122'),
(123, 27, 'U1 - UNIVERSITE INTERNATIONALE ABULCASIS DES SCIENCES DE LA SANTE UIASS', 'N5_123'),
(124, 27, 'U2 - ECOLE AFRICAINE DES SCIENCES DE LA SANTE EA2S', 'N5_124'),
(125, 27, 'U3 - CENTRE FORMATION RESIDANAT - INTERNAT', 'N5_125'),
(126, 27, 'U4 - CENTRE DE LA FORMATION CONTINUE CFC', 'N5_126'),
(127, 27, 'U5 - FORUM AFRICAIN DE LA SANTE FAS', 'N5_127'),
(128, 27, 'U6 - CENTRE SOCIAL D’HEBERGEMENT UNIVERSITAIRE CSHU', 'N5_128'),
(129, 27, 'U7 - CENTRE SOCIAL D\'HEBERGEMENT ETRANGER CSHE', 'N5_129'),
(130, 27, 'U8 - CENTRE DE RESTAURATION & SERVICES ANNEXES FCZ SER-UIASS', 'N5_130'),
(131, 27, 'U9 - CENTRE SOCIAL DES BOURSES D\'EXCELLENCE CSB', 'N5_131'),
(132, 27, 'U10 - INSTITUT DE LA FORMATION DES CADRES PARAMEDICAUX IFCP', 'N5_132'),
(133, 27, 'U11 - CENTRE DE RECHERCHE CHEIKH ZAID CRCZ', 'N5_133'),
(134, 27, 'R1 - CENTRE DES ETUDE BIOEQUIVALENCE CHEIKH ZAID CEB', 'N5_134'),
(135, 27, 'R2 - CENTRE D\'INVESTIGATION CLINIQUE', 'N5_135'),
(136, 27, 'R3 - CENTRE RECHRECHE DE GENETIQUE', 'N5_136'),
(137, 27, 'R4 - ECOLE DOCTORALE', 'N5_137'),
(138, 27, 'R5 - AFRICAN JOURNAL OF HEALTH AND SCIENCES AJHS', 'N5_138'),
(139, 27, 'H1 - HOPITAL INTERNATIONAL CHEIKH ZAID HCZ', 'N5_139'),
(140, 27, 'H2 - HOPITAL MULTIDISCIPLINAIRE KHOURIBGA HMK', 'N5_140'),
(141, 27, 'H3 - HOPITAL MULTIDISCIPLINAIRE YOUSSOUFIA HMY', 'N5_141'),
(142, 27, 'H4 - HOPITAL MULTIDISCIPLINAIRE BENGUERIR HMB', 'N5_142'),
(143, 27, 'H5 - HOPITAL MEDICOPSYCOLOGIQUE HMP', 'N5_143'),
(144, 27, 'H6 - HOPITAL MULTIDISCIPLINAIRE SAFI HMS', 'N5_144'),
(145, 27, 'H7 - HOPITAL UNIVERSITAIRE INTERNATIONAL CHEIKH ZAID TANGER HUIT', 'N5_145'),
(146, 27, 'H8 - CENTRE DE SOINS DENTAIRES CHEIKH ZAID CSRD', 'N5_146'),
(147, 27, 'H9 - CENTRE PUBLIC ANCIEN HOPITAL SALE', 'N5_147'),
(148, 27, 'H10 - CENTRE SOCIAL DE VACCINATION', 'N5_148'),
(149, 27, 'H11 - CENTRE BANQUE DE SANG', 'N5_149'),
(150, 27, 'H12 - LABORATOIRE AL MAGHREB LAM', 'N5_150'),
(151, 27, 'H13 - LABORATOIRE DE PROTHESE', 'N5_151'),
(152, 27, 'H14 - GROSSISTERIE CENTRALE PHARMACIE FCZ MEDPHAR', 'N5_152'),
(153, 27, 'H15 - CENTRE SOCIAL DES SOINS MOBILES UMM', 'N5_153'),
(154, 27, 'H16 - CENTRE DE SIMULATION MEDICALE CSM', 'N5_154'),
(155, 27, 'D1 - IMPRIMERIE & NUMERISATION', 'N5_155'),
(156, 27, 'D2 - NETTOYAGE & SECURITE', 'N5_156'),
(157, 27, 'D3 - CENTRE SOCIAL CRECHE', 'N5_157'),
(158, 28, 'REPORTINGS MENSUELS', 'N5_158'),
(159, 28, 'FICHES', 'N5_159'),
(160, 28, 'DOSSIERS', 'N5_160'),
(161, 28, 'AUTRES', 'N5_161'),
(162, 29, 'REPORTINGS MENSUELS', 'N5_162'),
(163, 29, 'FICHES', 'N5_163'),
(164, 29, 'DOSSIERS', 'N5_164'),
(165, 29, 'AUTRES', 'N5_165'),
(166, 30, 'REPORTINGS MENSUELS', 'N5_166'),
(167, 30, 'FICHES', 'N5_167'),
(168, 30, 'DOSSIERS', 'N5_168'),
(169, 30, 'AUTRES', 'N5_169'),
(170, 31, 'REPORTINGS MENSUELS', 'N5_170'),
(171, 31, 'FICHES', 'N5_171'),
(172, 31, 'DOSSIERS', 'N5_172'),
(173, 31, 'AUTRES', 'N5_173'),
(174, 32, 'REPORTINGS MENSUELS', 'N5_174'),
(175, 32, 'FICHES', 'N5_175'),
(176, 32, 'DOSSIERS', 'N5_176'),
(177, 32, 'AUTRES', 'N5_177'),
(178, 33, 'REPORTINGS MENSUELS', 'N5_178'),
(179, 33, 'FICHES', 'N5_179'),
(180, 33, 'DOSSIERS', 'N5_180'),
(181, 33, 'AUTRES', 'N5_181'),
(182, 34, 'REPORTINGS MENSUELS', 'N5_182'),
(183, 34, 'FICHES', 'N5_183'),
(184, 34, 'DOSSIERS', 'N5_184'),
(185, 34, 'AUTRES', 'N5_185'),
(186, 35, 'REPORTINGS MENSUELS', 'N5_186'),
(187, 35, 'FICHES', 'N5_187'),
(188, 35, 'DOSSIERS', 'N5_188'),
(189, 35, 'AUTRES', 'N5_189'),
(190, 36, 'REPORTINGS MENSUELS', 'N5_190'),
(191, 36, 'FICHES', 'N5_191'),
(192, 36, 'DOSSIERS', 'N5_192'),
(193, 36, 'AUTRES', 'N5_193'),
(194, 37, 'REPORTINGS MENSUELS', 'N5_194'),
(195, 37, 'FICHES', 'N5_195'),
(196, 37, 'DOSSIERS', 'N5_196'),
(197, 37, 'AUTRES', 'N5_197'),
(198, 38, 'REPORTINGS MENSUELS', 'N5_198'),
(199, 38, 'FICHES', 'N5_199'),
(200, 38, 'DOSSIERS', 'N5_200'),
(201, 38, 'AUTRES', 'N5_201'),
(202, 39, 'REPORTINGS MENSUELS', 'N5_202'),
(203, 39, 'FICHES', 'N5_203'),
(204, 39, 'DOSSIERS', 'N5_204'),
(205, 39, 'AUTRES', 'N5_205'),
(206, 40, 'REPORTINGS MENSUELS', 'N5_206'),
(207, 40, 'FICHES', 'N5_207'),
(208, 40, 'DOSSIERS', 'N5_208'),
(209, 40, 'AUTRES', 'N5_209'),
(210, 41, 'REPORTINGS MENSUELS', 'N5_210'),
(211, 41, 'FICHES', 'N5_211'),
(212, 41, 'DOSSIERS', 'N5_212'),
(213, 41, 'AUTRES', 'N5_213'),
(214, 42, 'REPORTINGS MENSUELS', 'N5_214'),
(215, 42, 'FICHES', 'N5_215'),
(216, 42, 'DOSSIERS', 'N5_216'),
(217, 42, 'AUTRES', 'N5_217'),
(218, 43, 'REPORTINGS MENSUELS', 'N5_218'),
(219, 43, 'FICHES', 'N5_219'),
(220, 43, 'DOSSIERS', 'N5_220'),
(221, 43, 'AUTRES', 'N5_221'),
(222, 44, 'REPORTINGS MENSUELS', 'N5_222'),
(223, 44, 'FICHES', 'N5_223'),
(224, 44, 'DOSSIERS', 'N5_224'),
(225, 44, 'AUTRES', 'N5_225'),
(226, 45, 'REPORTINGS MENSUELS', 'N5_226'),
(227, 45, 'FICHES', 'N5_227'),
(228, 45, 'DOSSIERS', 'N5_228'),
(229, 45, 'AUTRES', 'N5_229'),
(230, 46, 'REPORTINGS MENSUELS', 'N5_230'),
(231, 46, 'FICHES', 'N5_231'),
(232, 46, 'DOSSIERS', 'N5_232'),
(233, 46, 'AUTRES', 'N5_233'),
(234, 47, 'REPORTINGS MENSUELS', 'N5_234'),
(235, 47, 'FICHES', 'N5_235'),
(236, 47, 'DOSSIERS', 'N5_236'),
(237, 47, 'AUTRES', 'N5_237'),
(238, 48, 'REPORTINGS MENSUELS', 'N5_238'),
(239, 48, 'FICHES', 'N5_239'),
(240, 48, 'DOSSIERS', 'N5_240'),
(241, 48, 'AUTRES', 'N5_241'),
(242, 49, 'REPORTINGS MENSUELS', 'N5_242'),
(243, 49, 'FICHES', 'N5_243'),
(244, 49, 'DOSSIERS', 'N5_244'),
(245, 49, 'AUTRES', 'N5_245'),
(246, 50, 'REPORTINGS MENSUELS', 'N5_246'),
(247, 50, 'FICHES', 'N5_247'),
(248, 50, 'DOSSIERS', 'N5_248'),
(249, 50, 'AUTRES', 'N5_249'),
(250, 51, 'REPORTINGS MENSUELS', 'N5_250'),
(251, 51, 'FICHES', 'N5_251'),
(252, 51, 'DOSSIERS', 'N5_252'),
(253, 51, 'AUTRES', 'N5_253'),
(254, 53, 'REPORTINGS MENSUELS', 'N5_254'),
(255, 53, 'FICHES', 'N5_255'),
(256, 53, 'DOSSIERS', 'N5_256'),
(257, 53, 'AUTRES', 'N5_257'),
(258, 54, 'REPORTINGS MENSUELS', 'N5_258'),
(259, 54, 'FICHES', 'N5_259'),
(260, 54, 'DOSSIERS', 'N5_260'),
(261, 54, 'AUTRES', 'N5_261'),
(262, 55, 'REPORTINGS MENSUELS', 'N5_262'),
(263, 55, 'FICHES', 'N5_263'),
(264, 55, 'DOSSIERS', 'N5_264'),
(265, 55, 'AUTRES', 'N5_265'),
(266, 56, 'REPORTINGS MENSUELS', 'N5_266'),
(267, 56, 'FICHES', 'N5_267'),
(268, 56, 'DOSSIERS', 'N5_268'),
(269, 56, 'AUTRES', 'N5_269'),
(270, 57, 'REPORTINGS MENSUELS', 'N5_270'),
(271, 57, 'FICHES', 'N5_271'),
(272, 57, 'DOSSIERS', 'N5_272'),
(273, 57, 'AUTRES', 'N5_273'),
(274, 58, 'REPORTINGS MENSUELS', 'N5_274'),
(275, 58, 'FICHES', 'N5_275'),
(276, 58, 'DOSSIERS', 'N5_276'),
(277, 58, 'AUTRES', 'N5_277'),
(278, 59, 'REPORTINGS MENSUELS', 'N5_278'),
(279, 59, 'FICHES', 'N5_279'),
(280, 59, 'DOSSIERS', 'N5_280'),
(281, 59, 'AUTRES', 'N5_281'),
(282, 60, 'REPORTINGS MENSUELS', 'N5_282'),
(283, 60, 'FICHES', 'N5_283'),
(284, 60, 'DOSSIERS', 'N5_284'),
(285, 60, 'AUTRES', 'N5_285'),
(286, 61, 'REPORTINGS MENSUELS', 'N5_286'),
(287, 61, 'FICHES', 'N5_287'),
(288, 61, 'DOSSIERS', 'N5_288'),
(289, 61, 'AUTRES', 'N5_289'),
(290, 62, 'REPORTINGS MENSUELS', 'N5_290'),
(291, 62, 'FICHES', 'N5_291'),
(292, 62, 'DOSSIERS', 'N5_292'),
(293, 62, 'AUTRES', 'N5_293'),
(294, 63, 'REPORTINGS MENSUELS', 'N5_294'),
(295, 63, 'FICHES', 'N5_295'),
(296, 63, 'DOSSIERS', 'N5_296'),
(297, 63, 'AUTRES', 'N5_297'),
(298, 64, 'REPORTINGS MENSUELS', 'N5_298'),
(299, 64, 'FICHES', 'N5_299'),
(300, 64, 'DOSSIERS', 'N5_300'),
(301, 64, 'AUTRES', 'N5_301'),
(302, 65, 'REPORTINGS MENSUELS', 'N5_302'),
(303, 65, 'FICHES', 'N5_303'),
(304, 65, 'DOSSIERS', 'N5_304'),
(305, 65, 'AUTRES', 'N5_305'),
(306, 66, 'REPORTINGS MENSUELS', 'N5_306'),
(307, 66, 'FICHES', 'N5_307'),
(308, 66, 'DOSSIERS', 'N5_308'),
(309, 66, 'AUTRES', 'N5_309'),
(310, 67, 'REPORTINGS MENSUELS', 'N5_310'),
(311, 67, 'FICHES', 'N5_311'),
(312, 67, 'DOSSIERS', 'N5_312'),
(313, 67, 'AUTRES', 'N5_313'),
(314, 68, 'REPORTINGS MENSUELS', 'N5_314'),
(315, 68, 'FICHES', 'N5_315'),
(316, 68, 'DOSSIERS', 'N5_316'),
(317, 68, 'AUTRES', 'N5_317'),
(318, 69, 'REPORTINGS MENSUELS', 'N5_318'),
(319, 69, 'FICHES', 'N5_319'),
(320, 69, 'DOSSIERS', 'N5_320'),
(321, 69, 'AUTRES', 'N5_321'),
(322, 70, 'REPORTINGS MENSUELS', 'N5_322'),
(323, 70, 'FICHES', 'N5_323'),
(324, 70, 'DOSSIERS', 'N5_324'),
(325, 70, 'AUTRES', 'N5_325'),
(326, 71, 'REPORTINGS MENSUELS', 'N5_326'),
(327, 71, 'FICHES', 'N5_327'),
(328, 71, 'DOSSIERS', 'N5_328'),
(329, 71, 'AUTRES', 'N5_329'),
(330, 72, 'REPORTINGS MENSUELS', 'N5_330'),
(331, 72, 'FICHES', 'N5_331'),
(332, 72, 'DOSSIERS', 'N5_332'),
(333, 72, 'AUTRES', 'N5_333'),
(334, 73, 'REPORTINGS MENSUELS', 'N5_334'),
(335, 73, 'FICHES', 'N5_335'),
(336, 73, 'DOSSIERS', 'N5_336'),
(337, 73, 'AUTRES', 'N5_337'),
(338, 74, 'REPORTINGS MENSUELS', 'N5_338'),
(339, 74, 'FICHES', 'N5_339'),
(340, 74, 'DOSSIERS', 'N5_340'),
(341, 74, 'AUTRES', 'N5_341'),
(342, 75, 'REPORTINGS MENSUELS', 'N5_342'),
(343, 75, 'FICHES', 'N5_343'),
(344, 75, 'DOSSIERS', 'N5_344'),
(345, 75, 'AUTRES', 'N5_345'),
(346, 76, 'REPORTINGS MENSUELS', 'N5_346'),
(347, 76, 'FICHES', 'N5_347'),
(348, 76, 'DOSSIERS', 'N5_348'),
(349, 76, 'AUTRES', 'N5_349'),
(350, 77, 'REPORTINGS MENSUELS', 'N5_350'),
(351, 77, 'FICHES', 'N5_351'),
(352, 77, 'DOSSIERS', 'N5_352'),
(353, 77, 'AUTRES', 'N5_353'),
(354, 78, 'REPORTINGS MENSUELS', 'N5_354'),
(355, 78, 'FICHES', 'N5_355'),
(356, 78, 'DOSSIERS', 'N5_356'),
(357, 78, 'AUTRES', 'N5_357'),
(358, 79, 'REPORTINGS MENSUELS', 'N5_358'),
(359, 79, 'FICHES', 'N5_359'),
(360, 79, 'DOSSIERS', 'N5_360'),
(361, 79, 'AUTRES', 'N5_361'),
(362, 80, 'REPORTINGS MENSUELS', 'N5_362'),
(363, 80, 'FICHES', 'N5_363'),
(364, 80, 'DOSSIERS', 'N5_364'),
(365, 80, 'AUTRES', 'N5_365'),
(366, 81, 'REPORTINGS MENSUELS', 'N5_366'),
(367, 81, 'FICHES', 'N5_367'),
(368, 81, 'DOSSIERS', 'N5_368'),
(369, 81, 'AUTRES', 'N5_369'),
(370, 82, 'REPORTINGS MENSUELS', 'N5_370'),
(371, 82, 'FICHES', 'N5_371'),
(372, 82, 'DOSSIERS', 'N5_372'),
(373, 82, 'AUTRES', 'N5_373'),
(374, 83, 'REPORTINGS MENSUELS', 'N5_374'),
(375, 83, 'FICHES', 'N5_375'),
(376, 83, 'DOSSIERS', 'N5_376'),
(377, 83, 'AUTRES', 'N5_377'),
(378, 84, 'REPORTINGS MENSUELS', 'N5_378'),
(379, 84, 'FICHES', 'N5_379'),
(380, 84, 'DOSSIERS', 'N5_380'),
(381, 84, 'AUTRES', 'N5_381'),
(382, 85, 'REPORTINGS MENSUELS', 'N5_382'),
(383, 85, 'FICHES', 'N5_383'),
(384, 85, 'DOSSIERS', 'N5_384'),
(385, 85, 'AUTRES', 'N5_385'),
(386, 86, 'REPORTINGS MENSUELS', 'N5_386'),
(387, 86, 'FICHES', 'N5_387'),
(388, 86, 'DOSSIERS', 'N5_388'),
(389, 86, 'AUTRES', 'N5_389'),
(390, 87, 'REPORTINGS MENSUELS', 'N5_390'),
(391, 87, 'FICHES', 'N5_391'),
(392, 87, 'DOSSIERS', 'N5_392'),
(393, 87, 'AUTRES', 'N5_393'),
(394, 88, 'REPORTINGS MENSUELS', 'N5_394'),
(395, 88, 'FICHES', 'N5_395'),
(396, 88, 'DOSSIERS', 'N5_396'),
(397, 88, 'AUTRES', 'N5_397'),
(398, 89, 'REPORTINGS MENSUELS', 'N5_398'),
(399, 89, 'FICHES', 'N5_399'),
(400, 89, 'DOSSIERS', 'N5_400'),
(401, 89, 'AUTRES', 'N5_401'),
(402, 90, 'REPORTINGS MENSUELS', 'N5_402'),
(403, 90, 'FICHES', 'N5_403'),
(404, 90, 'DOSSIERS', 'N5_404'),
(405, 90, 'AUTRES', 'N5_405'),
(406, 91, 'REPORTINGS MENSUELS', 'N5_406'),
(407, 91, 'FICHES', 'N5_407'),
(408, 91, 'DOSSIERS', 'N5_408'),
(409, 91, 'AUTRES', 'N5_409'),
(410, 92, 'REPORTINGS MENSUELS', 'N5_410'),
(411, 92, 'FICHES', 'N5_411'),
(412, 92, 'DOSSIERS', 'N5_412'),
(413, 92, 'AUTRES', 'N5_413'),
(414, 93, 'REPORTINGS MENSUELS', 'N5_414'),
(415, 93, 'FICHES', 'N5_415'),
(416, 93, 'DOSSIERS', 'N5_416'),
(417, 93, 'AUTRES', 'N5_417'),
(418, 94, 'REPORTINGS MENSUELS', 'N5_418'),
(419, 94, 'FICHES', 'N5_419'),
(420, 94, 'DOSSIERS', 'N5_420'),
(421, 94, 'AUTRES', 'N5_421'),
(422, 95, 'REPORTINGS MENSUELS', 'N5_422'),
(423, 95, 'FICHES', 'N5_423'),
(424, 95, 'DOSSIERS', 'N5_424'),
(425, 95, 'AUTRES', 'N5_425'),
(426, 96, 'REPORTINGS MENSUELS', 'N5_426'),
(427, 96, 'FICHES', 'N5_427'),
(428, 96, 'DOSSIERS', 'N5_428'),
(429, 96, 'AUTRES', 'N5_429'),
(430, 97, 'REPORTINGS MENSUELS', 'N5_430'),
(431, 97, 'FICHES', 'N5_431'),
(432, 97, 'DOSSIERS', 'N5_432'),
(433, 97, 'AUTRES', 'N5_433'),
(434, 98, 'REPORTINGS MENSUELS', 'N5_434'),
(435, 98, 'FICHES', 'N5_435'),
(436, 98, 'DOSSIERS', 'N5_436'),
(437, 98, 'AUTRES', 'N5_437'),
(438, 99, 'REPORTINGS MENSUELS', 'N5_438'),
(439, 99, 'FICHES', 'N5_439'),
(440, 99, 'DOSSIERS', 'N5_440'),
(441, 99, 'AUTRES', 'N5_441'),
(442, 100, 'REPORTINGS MENSUELS', 'N5_442'),
(443, 100, 'FICHES', 'N5_443'),
(444, 100, 'DOSSIERS', 'N5_444'),
(445, 100, 'AUTRES', 'N5_445'),
(446, 101, 'REPORTINGS MENSUELS', 'N5_446'),
(447, 101, 'FICHES', 'N5_447'),
(448, 101, 'DOSSIERS', 'N5_448'),
(449, 101, 'AUTRES', 'N5_449'),
(450, 102, 'REPORTINGS MENSUELS', 'N5_450'),
(451, 102, 'FICHES', 'N5_451'),
(452, 102, 'DOSSIERS', 'N5_452'),
(453, 102, 'AUTRES', 'N5_453'),
(454, 103, 'REPORTINGS MENSUELS', 'N5_454'),
(455, 103, 'FICHES', 'N5_455'),
(456, 103, 'DOSSIERS', 'N5_456'),
(457, 103, 'AUTRES', 'N5_457'),
(458, 104, 'REPORTINGS MENSUELS', 'N5_458'),
(459, 104, 'FICHES', 'N5_459'),
(460, 104, 'DOSSIERS', 'N5_460'),
(461, 104, 'AUTRES', 'N5_461'),
(462, 105, 'REPORTINGS MENSUELS', 'N5_462'),
(463, 105, 'FICHES', 'N5_463'),
(464, 105, 'DOSSIERS', 'N5_464'),
(465, 105, 'AUTRES', 'N5_465'),
(466, 106, 'REPORTINGS MENSUELS', 'N5_466'),
(467, 106, 'FICHES', 'N5_467'),
(468, 106, 'DOSSIERS', 'N5_468'),
(469, 106, 'AUTRES', 'N5_469'),
(470, 107, 'REPORTINGS MENSUELS', 'N5_470'),
(471, 107, 'FICHES', 'N5_471'),
(472, 107, 'DOSSIERS', 'N5_472'),
(473, 107, 'AUTRES', 'N5_473'),
(474, 108, 'REPORTINGS MENSUELS', 'N5_474'),
(475, 108, 'FICHES', 'N5_475'),
(476, 108, 'DOSSIERS', 'N5_476'),
(477, 108, 'AUTRES', 'N5_477'),
(478, 109, 'REPORTINGS MENSUELS', 'N5_478'),
(479, 109, 'FICHES', 'N5_479'),
(480, 109, 'DOSSIERS', 'N5_480'),
(481, 109, 'AUTRES', 'N5_481'),
(482, 110, 'REPORTINGS MENSUELS', 'N5_482'),
(483, 110, 'FICHES', 'N5_483'),
(484, 110, 'DOSSIERS', 'N5_484'),
(485, 110, 'AUTRES', 'N5_485'),
(486, 111, 'REPORTINGS MENSUELS', 'N5_486'),
(487, 111, 'FICHES', 'N5_487'),
(488, 111, 'DOSSIERS', 'N5_488'),
(489, 111, 'AUTRES', 'N5_489'),
(490, 112, 'REPORTINGS MENSUELS', 'N5_490'),
(491, 112, 'FICHES', 'N5_491'),
(492, 112, 'DOSSIERS', 'N5_492'),
(493, 112, 'AUTRES', 'N5_493'),
(494, 113, 'REPORTINGS MENSUELS', 'N5_494'),
(495, 113, 'FICHES', 'N5_495'),
(496, 113, 'DOSSIERS', 'N5_496'),
(497, 113, 'AUTRES', 'N5_497'),
(498, 114, 'REPORTINGS MENSUELS', 'N5_498'),
(499, 114, 'FICHES', 'N5_499'),
(500, 114, 'DOSSIERS', 'N5_500'),
(501, 114, 'AUTRES', 'N5_501'),
(502, 115, 'REPORTINGS MENSUELS', 'N5_502'),
(503, 115, 'FICHES', 'N5_503'),
(504, 115, 'DOSSIERS', 'N5_504'),
(505, 115, 'AUTRES', 'N5_505'),
(506, 116, 'REPORTINGS MENSUELS', 'N5_506'),
(507, 116, 'FICHES', 'N5_507'),
(508, 116, 'DOSSIERS', 'N5_508'),
(509, 116, 'AUTRES', 'N5_509'),
(510, 117, 'REPORTINGS MENSUELS', 'N5_510'),
(511, 117, 'FICHES', 'N5_511'),
(512, 117, 'DOSSIERS', 'N5_512'),
(513, 117, 'AUTRES', 'N5_513'),
(514, 118, 'REPORTINGS MENSUELS', 'N5_514'),
(515, 118, 'FICHES', 'N5_515'),
(516, 118, 'DOSSIERS', 'N5_516'),
(517, 118, 'AUTRES', 'N5_517'),
(518, 119, 'REPORTINGS MENSUELS', 'N5_518'),
(519, 119, 'FICHES', 'N5_519'),
(520, 119, 'DOSSIERS', 'N5_520'),
(521, 119, 'AUTRES', 'N5_521'),
(522, 120, 'REPORTINGS MENSUELS', 'N5_522'),
(523, 120, 'FICHES', 'N5_523'),
(524, 120, 'DOSSIERS', 'N5_524'),
(525, 120, 'AUTRES', 'N5_525'),
(526, 121, 'REPORTINGS MENSUELS', 'N5_526'),
(527, 121, 'FICHES', 'N5_527'),
(528, 121, 'DOSSIERS', 'N5_528'),
(529, 121, 'AUTRES', 'N5_529'),
(530, 122, 'REPORTINGS MENSUELS', 'N5_530'),
(531, 122, 'FICHES', 'N5_531'),
(532, 122, 'DOSSIERS', 'N5_532'),
(533, 122, 'AUTRES', 'N5_533'),
(534, 123, 'ET01 - ESTIMATION FINANCIÈRE', 'N5_534'),
(535, 123, 'ET02 - PLANS DE REPÉRAGE', 'N5_535'),
(536, 123, 'ET03 - DCE DE CONSULTATION', 'N5_536'),
(537, 123, 'AJ01 - SYNTHÉSE DES OUVERTURES DE PLIS', 'N5_537'),
(538, 123, 'AJ02 - DOSSIERS DE CANDIDATURE', 'N5_538'),
(539, 123, 'AJ03 - LETTRE DE NOTIFICATION', 'N5_539'),
(540, 123, 'AJ04 - PV D\'OUVERTURE DES PLIS', 'N5_540'),
(541, 123, 'AJ05 - MARCHÉ SIGNÉ', 'N5_541'),
(542, 123, 'AJ06 - ORDRE DE SERVICE', 'N5_542'),
(543, 123, 'AJ08 - PV DE NÉGOCIATION', 'N5_543'),
(544, 123, 'EX01 - FICHE DE VALIDATION PRODUIT', 'N5_544'),
(545, 123, 'EX02 - PLAN D\'EXECUTION VALIDÉ BET & BC', 'N5_545'),
(546, 123, 'EX03 - PLANNING DES TRAVAUX', 'N5_546'),
(547, 123, 'EX04 - DÉCOMPTES PROVISOIRES ET ATTACHEMENTS', 'N5_547'),
(548, 123, 'EX05 - AVENANT ET THB.', 'N5_548'),
(549, 123, 'EX06 - PV DE RÉUNION', 'N5_549'),
(550, 123, 'EX07 - PV DE RÉCEPTION PROVISOIRE', 'N5_550'),
(551, 123, 'EX08 - RAPPORT DE CONTRÔLE ET RÉCÉPTION DES TRAVAUX MOE', 'N5_551'),
(552, 123, 'EX09 - CAUTION DÉFINITIVE', 'N5_552'),
(553, 123, 'EX10 - BORDEREAU D\'ENVOI', 'N5_553'),
(554, 123, 'EX11 - ORDRE D\'ARRÊT', 'N5_554'),
(555, 123, 'EX12 - ORDRE DE REPRISE', 'N5_555'),
(556, 123, 'EX13 - PV DE RECEPTION BBT', 'N5_556'),
(557, 123, 'EX14 - PV DE RECEPTION LABORATOIRE', 'N5_557'),
(558, 123, 'AR01 - DÉCOMPTE DÉFINITIF', 'N5_558'),
(559, 123, 'AR02 - FICHE D\'AUTOCONTROLE', 'N5_559'),
(560, 123, 'AR03 - PLANS DE RECOLLEMENT', 'N5_560'),
(561, 123, 'AR04 - PV DE RÉCÉPTION DÉFINITIVE', 'N5_561'),
(562, 124, 'ET01 - ESTIMATION FINANCIÈRE', 'N5_562'),
(563, 124, 'ET02 - PLANS DE REPÉRAGE', 'N5_563'),
(564, 124, 'ET03 - DCE DE CONSULTATION', 'N5_564'),
(565, 124, 'AJ01 - SYNTHÉSE DES OUVERTURES DE PLIS', 'N5_565'),
(566, 124, 'AJ02 - DOSSIERS DE CANDIDATURE', 'N5_566'),
(567, 124, 'AJ03 - LETTRE DE NOTIFICATION', 'N5_567'),
(568, 124, 'AJ04 - PV D\'OUVERTURE DES PLIS', 'N5_568'),
(569, 124, 'AJ05 - MARCHÉ SIGNÉ', 'N5_569'),
(570, 124, 'AJ06 - ORDRE DE SERVICE', 'N5_570'),
(571, 124, 'AJ08 - PV DE NÉGOCIATION', 'N5_571'),
(572, 124, 'EX01 - FICHE DE VALIDATION PRODUIT', 'N5_572'),
(573, 124, 'EX02 - PLAN D\'EXECUTION VALIDÉ BET & BC', 'N5_573'),
(574, 124, 'EX03 - PLANNING DES TRAVAUX', 'N5_574'),
(575, 124, 'EX04 - DÉCOMPTES PROVISOIRES ET ATTACHEMENTS', 'N5_575'),
(576, 124, 'EX05 - AVENANT ET THB.', 'N5_576'),
(577, 124, 'EX06 - PV DE RÉUNION', 'N5_577'),
(578, 124, 'EX07 - PV DE RÉCEPTION PROVISOIRE', 'N5_578'),
(579, 124, 'EX08 - RAPPORT DE CONTRÔLE ET RÉCÉPTION DES TRAVAUX MOE', 'N5_579'),
(580, 124, 'EX09 - CAUTION DÉFINITIVE', 'N5_580'),
(581, 124, 'EX10 - BORDEREAU D\'ENVOI', 'N5_581'),
(582, 124, 'EX11 - ORDRE D\'ARRÊT', 'N5_582'),
(583, 124, 'EX12 - ORDRE DE REPRISE', 'N5_583'),
(584, 124, 'EX13 - PV DE RECEPTION BBT', 'N5_584'),
(585, 124, 'EX14 - PV DE RECEPTION LABORATOIRE', 'N5_585'),
(586, 124, 'AR01 - DÉCOMPTE DÉFINITIF', 'N5_586'),
(587, 124, 'AR02 - FICHE D\'AUTOCONTROLE', 'N5_587'),
(588, 124, 'AR03 - PLANS DE RECOLLEMENT', 'N5_588'),
(589, 124, 'AR04 - PV DE RÉCÉPTION DÉFINITIVE', 'N5_589'),
(590, 125, 'ET01 - ESTIMATION FINANCIÈRE', 'N5_590'),
(591, 125, 'ET02 - PLANS DE REPÉRAGE', 'N5_591'),
(592, 125, 'ET03 - DCE DE CONSULTATION', 'N5_592'),
(593, 125, 'AJ01 - SYNTHÉSE DES OUVERTURES DE PLIS', 'N5_593'),
(594, 125, 'AJ02 - DOSSIERS DE CANDIDATURE', 'N5_594'),
(595, 125, 'AJ03 - LETTRE DE NOTIFICATION', 'N5_595'),
(596, 125, 'AJ04 - PV D\'OUVERTURE DES PLIS', 'N5_596'),
(597, 125, 'AJ05 - MARCHÉ SIGNÉ', 'N5_597'),
(598, 125, 'AJ06 - ORDRE DE SERVICE', 'N5_598'),
(599, 125, 'AJ08 - PV DE NÉGOCIATION', 'N5_599'),
(600, 125, 'EX01 - FICHE DE VALIDATION PRODUIT', 'N5_600'),
(601, 125, 'EX02 - PLAN D\'EXECUTION VALIDÉ BET & BC', 'N5_601'),
(602, 125, 'EX03 - PLANNING DES TRAVAUX', 'N5_602'),
(603, 125, 'EX04 - DÉCOMPTES PROVISOIRES ET ATTACHEMENTS', 'N5_603'),
(604, 125, 'EX05 - AVENANT ET THB.', 'N5_604'),
(605, 125, 'EX06 - PV DE RÉUNION', 'N5_605'),
(606, 125, 'EX07 - PV DE RÉCEPTION PROVISOIRE', 'N5_606'),
(607, 125, 'EX08 - RAPPORT DE CONTRÔLE ET RÉCÉPTION DES TRAVAUX MOE', 'N5_607'),
(608, 125, 'EX09 - CAUTION DÉFINITIVE', 'N5_608'),
(609, 125, 'EX10 - BORDEREAU D\'ENVOI', 'N5_609'),
(610, 125, 'EX11 - ORDRE D\'ARRÊT', 'N5_610'),
(611, 125, 'EX12 - ORDRE DE REPRISE', 'N5_611'),
(612, 125, 'EX13 - PV DE RECEPTION BBT', 'N5_612'),
(613, 125, 'EX14 - PV DE RECEPTION LABORATOIRE', 'N5_613'),
(614, 125, 'AR01 - DÉCOMPTE DÉFINITIF', 'N5_614'),
(615, 125, 'AR02 - FICHE D\'AUTOCONTROLE', 'N5_615'),
(616, 125, 'AR03 - PLANS DE RECOLLEMENT', 'N5_616'),
(617, 125, 'AR04 - PV DE RÉCÉPTION DÉFINITIVE', 'N5_617'),
(618, 126, 'ET01 - ESTIMATION FINANCIÈRE', 'N5_618'),
(619, 126, 'ET02 - PLANS DE REPÉRAGE', 'N5_619'),
(620, 126, 'ET03 - DCE DE CONSULTATION', 'N5_620'),
(621, 126, 'AJ01 - SYNTHÉSE DES OUVERTURES DE PLIS', 'N5_621'),
(622, 126, 'AJ02 - DOSSIERS DE CANDIDATURE', 'N5_622'),
(623, 126, 'AJ03 - LETTRE DE NOTIFICATION', 'N5_623'),
(624, 126, 'AJ04 - PV D\'OUVERTURE DES PLIS', 'N5_624'),
(625, 126, 'AJ05 - MARCHÉ SIGNÉ', 'N5_625'),
(626, 126, 'AJ06 - ORDRE DE SERVICE', 'N5_626'),
(627, 126, 'AJ08 - PV DE NÉGOCIATION', 'N5_627'),
(628, 126, 'EX01 - FICHE DE VALIDATION PRODUIT', 'N5_628'),
(629, 126, 'EX02 - PLAN D\'EXECUTION VALIDÉ BET & BC', 'N5_629'),
(630, 126, 'EX03 - PLANNING DES TRAVAUX', 'N5_630'),
(631, 126, 'EX04 - DÉCOMPTES PROVISOIRES ET ATTACHEMENTS', 'N5_631'),
(632, 126, 'EX05 - AVENANT ET THB.', 'N5_632'),
(633, 126, 'EX06 - PV DE RÉUNION', 'N5_633'),
(634, 126, 'EX07 - PV DE RÉCEPTION PROVISOIRE', 'N5_634'),
(635, 126, 'EX08 - RAPPORT DE CONTRÔLE ET RÉCÉPTION DES TRAVAUX MOE', 'N5_635'),
(636, 126, 'EX09 - CAUTION DÉFINITIVE', 'N5_636'),
(637, 126, 'EX10 - BORDEREAU D\'ENVOI', 'N5_637'),
(638, 126, 'EX11 - ORDRE D\'ARRÊT', 'N5_638'),
(639, 126, 'EX12 - ORDRE DE REPRISE', 'N5_639'),
(640, 126, 'EX13 - PV DE RECEPTION BBT', 'N5_640'),
(641, 126, 'EX14 - PV DE RECEPTION LABORATOIRE', 'N5_641'),
(642, 126, 'AR01 - DÉCOMPTE DÉFINITIF', 'N5_642'),
(643, 126, 'AR02 - FICHE D\'AUTOCONTROLE', 'N5_643'),
(644, 126, 'AR03 - PLANS DE RECOLLEMENT', 'N5_644'),
(645, 126, 'AR04 - PV DE RÉCÉPTION DÉFINITIVE', 'N5_645'),
(646, 127, 'ET01 - ESTIMATION FINANCIÈRE', 'N5_646'),
(647, 127, 'ET02 - PLANS DE REPÉRAGE', 'N5_647'),
(648, 127, 'ET03 - DCE DE CONSULTATION', 'N5_648'),
(649, 127, 'AJ01 - SYNTHÉSE DES OUVERTURES DE PLIS', 'N5_649'),
(650, 127, 'AJ02 - DOSSIERS DE CANDIDATURE', 'N5_650'),
(651, 127, 'AJ03 - LETTRE DE NOTIFICATION', 'N5_651'),
(652, 127, 'AJ04 - PV D\'OUVERTURE DES PLIS', 'N5_652'),
(653, 127, 'AJ05 - MARCHÉ SIGNÉ', 'N5_653'),
(654, 127, 'AJ06 - ORDRE DE SERVICE', 'N5_654'),
(655, 127, 'AJ08 - PV DE NÉGOCIATION', 'N5_655'),
(656, 127, 'EX01 - FICHE DE VALIDATION PRODUIT', 'N5_656'),
(657, 127, 'EX02 - PLAN D\'EXECUTION VALIDÉ BET & BC', 'N5_657'),
(658, 127, 'EX03 - PLANNING DES TRAVAUX', 'N5_658'),
(659, 127, 'EX04 - DÉCOMPTES PROVISOIRES ET ATTACHEMENTS', 'N5_659'),
(660, 127, 'EX05 - AVENANT ET THB.', 'N5_660'),
(661, 127, 'EX06 - PV DE RÉUNION', 'N5_661'),
(662, 127, 'EX07 - PV DE RÉCEPTION PROVISOIRE', 'N5_662'),
(663, 127, 'EX08 - RAPPORT DE CONTRÔLE ET RÉCÉPTION DES TRAVAUX MOE', 'N5_663'),
(664, 127, 'EX09 - CAUTION DÉFINITIVE', 'N5_664'),
(665, 127, 'EX10 - BORDEREAU D\'ENVOI', 'N5_665'),
(666, 127, 'EX11 - ORDRE D\'ARRÊT', 'N5_666'),
(667, 127, 'EX12 - ORDRE DE REPRISE', 'N5_667'),
(668, 127, 'EX13 - PV DE RECEPTION BBT', 'N5_668'),
(669, 127, 'EX14 - PV DE RECEPTION LABORATOIRE', 'N5_669'),
(670, 127, 'AR01 - DÉCOMPTE DÉFINITIF', 'N5_670'),
(671, 127, 'AR02 - FICHE D\'AUTOCONTROLE', 'N5_671'),
(672, 127, 'AR03 - PLANS DE RECOLLEMENT', 'N5_672'),
(673, 127, 'AR04 - PV DE RÉCÉPTION DÉFINITIVE', 'N5_673'),
(674, 128, 'ET01 - ESTIMATION FINANCIÈRE', 'N5_674'),
(675, 128, 'ET02 - PLANS DE REPÉRAGE', 'N5_675'),
(676, 128, 'ET03 - DCE DE CONSULTATION', 'N5_676'),
(677, 128, 'AJ01 - SYNTHÉSE DES OUVERTURES DE PLIS', 'N5_677'),
(678, 128, 'AJ02 - DOSSIERS DE CANDIDATURE', 'N5_678'),
(679, 128, 'AJ03 - LETTRE DE NOTIFICATION', 'N5_679'),
(680, 128, 'AJ04 - PV D\'OUVERTURE DES PLIS', 'N5_680'),
(681, 128, 'AJ05 - MARCHÉ SIGNÉ', 'N5_681'),
(682, 128, 'AJ06 - ORDRE DE SERVICE', 'N5_682'),
(683, 128, 'AJ08 - PV DE NÉGOCIATION', 'N5_683'),
(684, 128, 'EX01 - FICHE DE VALIDATION PRODUIT', 'N5_684'),
(685, 128, 'EX02 - PLAN D\'EXECUTION VALIDÉ BET & BC', 'N5_685'),
(686, 128, 'EX03 - PLANNING DES TRAVAUX', 'N5_686'),
(687, 128, 'EX04 - DÉCOMPTES PROVISOIRES ET ATTACHEMENTS', 'N5_687'),
(688, 128, 'EX05 - AVENANT ET THB.', 'N5_688'),
(689, 128, 'EX06 - PV DE RÉUNION', 'N5_689'),
(690, 128, 'EX07 - PV DE RÉCEPTION PROVISOIRE', 'N5_690'),
(691, 128, 'EX08 - RAPPORT DE CONTRÔLE ET RÉCÉPTION DES TRAVAUX MOE', 'N5_691'),
(692, 128, 'EX09 - CAUTION DÉFINITIVE', 'N5_692'),
(693, 128, 'EX10 - BORDEREAU D\'ENVOI', 'N5_693'),
(694, 128, 'EX11 - ORDRE D\'ARRÊT', 'N5_694'),
(695, 128, 'EX12 - ORDRE DE REPRISE', 'N5_695'),
(696, 128, 'EX13 - PV DE RECEPTION BBT', 'N5_696'),
(697, 128, 'EX14 - PV DE RECEPTION LABORATOIRE', 'N5_697'),
(698, 128, 'AR01 - DÉCOMPTE DÉFINITIF', 'N5_698'),
(699, 128, 'AR02 - FICHE D\'AUTOCONTROLE', 'N5_699'),
(700, 128, 'AR03 - PLANS DE RECOLLEMENT', 'N5_700'),
(701, 128, 'AR04 - PV DE RÉCÉPTION DÉFINITIVE', 'N5_701'),
(702, 129, 'ET01 - ESTIMATION FINANCIÈRE', 'N5_702'),
(703, 129, 'ET02 - PLANS DE REPÉRAGE', 'N5_703'),
(704, 129, 'ET03 - DCE DE CONSULTATION', 'N5_704'),
(705, 129, 'AJ01 - SYNTHÉSE DES OUVERTURES DE PLIS', 'N5_705'),
(706, 129, 'AJ02 - DOSSIERS DE CANDIDATURE', 'N5_706'),
(707, 129, 'AJ03 - LETTRE DE NOTIFICATION', 'N5_707'),
(708, 129, 'AJ04 - PV D\'OUVERTURE DES PLIS', 'N5_708'),
(709, 129, 'AJ05 - MARCHÉ SIGNÉ', 'N5_709'),
(710, 129, 'AJ06 - ORDRE DE SERVICE', 'N5_710'),
(711, 129, 'AJ08 - PV DE NÉGOCIATION', 'N5_711'),
(712, 129, 'EX01 - FICHE DE VALIDATION PRODUIT', 'N5_712'),
(713, 129, 'EX02 - PLAN D\'EXECUTION VALIDÉ BET & BC', 'N5_713'),
(714, 129, 'EX03 - PLANNING DES TRAVAUX', 'N5_714'),
(715, 129, 'EX04 - DÉCOMPTES PROVISOIRES ET ATTACHEMENTS', 'N5_715'),
(716, 129, 'EX05 - AVENANT ET THB.', 'N5_716'),
(717, 129, 'EX06 - PV DE RÉUNION', 'N5_717'),
(718, 129, 'EX07 - PV DE RÉCEPTION PROVISOIRE', 'N5_718'),
(719, 129, 'EX08 - RAPPORT DE CONTRÔLE ET RÉCÉPTION DES TRAVAUX MOE', 'N5_719'),
(720, 129, 'EX09 - CAUTION DÉFINITIVE', 'N5_720'),
(721, 129, 'EX10 - BORDEREAU D\'ENVOI', 'N5_721'),
(722, 129, 'EX11 - ORDRE D\'ARRÊT', 'N5_722'),
(723, 129, 'EX12 - ORDRE DE REPRISE', 'N5_723'),
(724, 129, 'EX13 - PV DE RECEPTION BBT', 'N5_724'),
(725, 129, 'EX14 - PV DE RECEPTION LABORATOIRE', 'N5_725'),
(726, 129, 'AR01 - DÉCOMPTE DÉFINITIF', 'N5_726'),
(727, 129, 'AR02 - FICHE D\'AUTOCONTROLE', 'N5_727'),
(728, 129, 'AR03 - PLANS DE RECOLLEMENT', 'N5_728'),
(729, 129, 'AR04 - PV DE RÉCÉPTION DÉFINITIVE', 'N5_729'),
(730, 130, 'ET01 - ESTIMATION FINANCIÈRE', 'N5_730'),
(731, 130, 'ET02 - PLANS DE REPÉRAGE', 'N5_731'),
(732, 130, 'ET03 - DCE DE CONSULTATION', 'N5_732'),
(733, 130, 'AJ01 - SYNTHÉSE DES OUVERTURES DE PLIS', 'N5_733'),
(734, 130, 'AJ02 - DOSSIERS DE CANDIDATURE', 'N5_734'),
(735, 130, 'AJ03 - LETTRE DE NOTIFICATION', 'N5_735'),
(736, 130, 'AJ04 - PV D\'OUVERTURE DES PLIS', 'N5_736'),
(737, 130, 'AJ05 - MARCHÉ SIGNÉ', 'N5_737'),
(738, 130, 'AJ06 - ORDRE DE SERVICE', 'N5_738'),
(739, 130, 'AJ08 - PV DE NÉGOCIATION', 'N5_739'),
(740, 130, 'EX01 - FICHE DE VALIDATION PRODUIT', 'N5_740'),
(741, 130, 'EX02 - PLAN D\'EXECUTION VALIDÉ BET & BC', 'N5_741'),
(742, 130, 'EX03 - PLANNING DES TRAVAUX', 'N5_742'),
(743, 130, 'EX04 - DÉCOMPTES PROVISOIRES ET ATTACHEMENTS', 'N5_743'),
(744, 130, 'EX05 - AVENANT ET THB.', 'N5_744'),
(745, 130, 'EX06 - PV DE RÉUNION', 'N5_745'),
(746, 130, 'EX07 - PV DE RÉCEPTION PROVISOIRE', 'N5_746'),
(747, 130, 'EX08 - RAPPORT DE CONTRÔLE ET RÉCÉPTION DES TRAVAUX MOE', 'N5_747'),
(748, 130, 'EX09 - CAUTION DÉFINITIVE', 'N5_748'),
(749, 130, 'EX10 - BORDEREAU D\'ENVOI', 'N5_749'),
(750, 130, 'EX11 - ORDRE D\'ARRÊT', 'N5_750'),
(751, 130, 'EX12 - ORDRE DE REPRISE', 'N5_751'),
(752, 130, 'EX13 - PV DE RECEPTION BBT', 'N5_752'),
(753, 130, 'EX14 - PV DE RECEPTION LABORATOIRE', 'N5_753'),
(754, 130, 'AR01 - DÉCOMPTE DÉFINITIF', 'N5_754'),
(755, 130, 'AR02 - FICHE D\'AUTOCONTROLE', 'N5_755'),
(756, 130, 'AR03 - PLANS DE RECOLLEMENT', 'N5_756'),
(757, 130, 'AR04 - PV DE RÉCÉPTION DÉFINITIVE', 'N5_757'),
(758, 131, 'ET01 - ESTIMATION FINANCIÈRE', 'N5_758'),
(759, 131, 'ET02 - PLANS DE REPÉRAGE', 'N5_759'),
(760, 131, 'ET03 - DCE DE CONSULTATION', 'N5_760'),
(761, 131, 'AJ01 - SYNTHÉSE DES OUVERTURES DE PLIS', 'N5_761'),
(762, 131, 'AJ02 - DOSSIERS DE CANDIDATURE', 'N5_762'),
(763, 131, 'AJ03 - LETTRE DE NOTIFICATION', 'N5_763'),
(764, 131, 'AJ04 - PV D\'OUVERTURE DES PLIS', 'N5_764'),
(765, 131, 'AJ05 - MARCHÉ SIGNÉ', 'N5_765'),
(766, 131, 'AJ06 - ORDRE DE SERVICE', 'N5_766'),
(767, 131, 'AJ08 - PV DE NÉGOCIATION', 'N5_767'),
(768, 131, 'EX01 - FICHE DE VALIDATION PRODUIT', 'N5_768'),
(769, 131, 'EX02 - PLAN D\'EXECUTION VALIDÉ BET & BC', 'N5_769'),
(770, 131, 'EX03 - PLANNING DES TRAVAUX', 'N5_770'),
(771, 131, 'EX04 - DÉCOMPTES PROVISOIRES ET ATTACHEMENTS', 'N5_771'),
(772, 131, 'EX05 - AVENANT ET THB.', 'N5_772'),
(773, 131, 'EX06 - PV DE RÉUNION', 'N5_773'),
(774, 131, 'EX07 - PV DE RÉCEPTION PROVISOIRE', 'N5_774'),
(775, 131, 'EX08 - RAPPORT DE CONTRÔLE ET RÉCÉPTION DES TRAVAUX MOE', 'N5_775'),
(776, 131, 'EX09 - CAUTION DÉFINITIVE', 'N5_776'),
(777, 131, 'EX10 - BORDEREAU D\'ENVOI', 'N5_777'),
(778, 131, 'EX11 - ORDRE D\'ARRÊT', 'N5_778'),
(779, 131, 'EX12 - ORDRE DE REPRISE', 'N5_779'),
(780, 131, 'EX13 - PV DE RECEPTION BBT', 'N5_780'),
(781, 131, 'EX14 - PV DE RECEPTION LABORATOIRE', 'N5_781'),
(782, 131, 'AR01 - DÉCOMPTE DÉFINITIF', 'N5_782'),
(783, 131, 'AR02 - FICHE D\'AUTOCONTROLE', 'N5_783'),
(784, 131, 'AR03 - PLANS DE RECOLLEMENT', 'N5_784'),
(785, 131, 'AR04 - PV DE RÉCÉPTION DÉFINITIVE', 'N5_785'),
(786, 132, 'ET01 - ESTIMATION FINANCIÈRE', 'N5_786'),
(787, 132, 'ET02 - PLANS DE REPÉRAGE', 'N5_787'),
(788, 132, 'ET03 - DCE DE CONSULTATION', 'N5_788'),
(789, 132, 'AJ01 - SYNTHÉSE DES OUVERTURES DE PLIS', 'N5_789'),
(790, 132, 'AJ02 - DOSSIERS DE CANDIDATURE', 'N5_790'),
(791, 132, 'AJ03 - LETTRE DE NOTIFICATION', 'N5_791'),
(792, 132, 'AJ04 - PV D\'OUVERTURE DES PLIS', 'N5_792'),
(793, 132, 'AJ05 - MARCHÉ SIGNÉ', 'N5_793'),
(794, 132, 'AJ06 - ORDRE DE SERVICE', 'N5_794'),
(795, 132, 'AJ08 - PV DE NÉGOCIATION', 'N5_795'),
(796, 132, 'EX01 - FICHE DE VALIDATION PRODUIT', 'N5_796'),
(797, 132, 'EX02 - PLAN D\'EXECUTION VALIDÉ BET & BC', 'N5_797'),
(798, 132, 'EX03 - PLANNING DES TRAVAUX', 'N5_798'),
(799, 132, 'EX04 - DÉCOMPTES PROVISOIRES ET ATTACHEMENTS', 'N5_799'),
(800, 132, 'EX05 - AVENANT ET THB.', 'N5_800'),
(801, 132, 'EX06 - PV DE RÉUNION', 'N5_801'),
(802, 132, 'EX07 - PV DE RÉCEPTION PROVISOIRE', 'N5_802'),
(803, 132, 'EX08 - RAPPORT DE CONTRÔLE ET RÉCÉPTION DES TRAVAUX MOE', 'N5_803'),
(804, 132, 'EX09 - CAUTION DÉFINITIVE', 'N5_804'),
(805, 132, 'EX10 - BORDEREAU D\'ENVOI', 'N5_805'),
(806, 132, 'EX11 - ORDRE D\'ARRÊT', 'N5_806'),
(807, 132, 'EX12 - ORDRE DE REPRISE', 'N5_807'),
(808, 132, 'EX13 - PV DE RECEPTION BBT', 'N5_808'),
(809, 132, 'EX14 - PV DE RECEPTION LABORATOIRE', 'N5_809'),
(810, 132, 'AR01 - DÉCOMPTE DÉFINITIF', 'N5_810'),
(811, 132, 'AR02 - FICHE D\'AUTOCONTROLE', 'N5_811'),
(812, 132, 'AR03 - PLANS DE RECOLLEMENT', 'N5_812'),
(813, 132, 'AR04 - PV DE RÉCÉPTION DÉFINITIVE', 'N5_813'),
(814, 133, 'ET01 - ESTIMATION FINANCIÈRE', 'N5_814'),
(815, 133, 'ET02 - PLANS DE REPÉRAGE', 'N5_815'),
(816, 133, 'ET03 - DCE DE CONSULTATION', 'N5_816'),
(817, 133, 'AJ01 - SYNTHÉSE DES OUVERTURES DE PLIS', 'N5_817'),
(818, 133, 'AJ02 - DOSSIERS DE CANDIDATURE', 'N5_818'),
(819, 133, 'AJ03 - LETTRE DE NOTIFICATION', 'N5_819'),
(820, 133, 'AJ04 - PV D\'OUVERTURE DES PLIS', 'N5_820'),
(821, 133, 'AJ05 - MARCHÉ SIGNÉ', 'N5_821'),
(822, 133, 'AJ06 - ORDRE DE SERVICE', 'N5_822'),
(823, 133, 'AJ08 - PV DE NÉGOCIATION', 'N5_823'),
(824, 133, 'EX01 - FICHE DE VALIDATION PRODUIT', 'N5_824'),
(825, 133, 'EX02 - PLAN D\'EXECUTION VALIDÉ BET & BC', 'N5_825'),
(826, 133, 'EX03 - PLANNING DES TRAVAUX', 'N5_826'),
(827, 133, 'EX04 - DÉCOMPTES PROVISOIRES ET ATTACHEMENTS', 'N5_827'),
(828, 133, 'EX05 - AVENANT ET THB.', 'N5_828'),
(829, 133, 'EX06 - PV DE RÉUNION', 'N5_829'),
(830, 133, 'EX07 - PV DE RÉCEPTION PROVISOIRE', 'N5_830'),
(831, 133, 'EX08 - RAPPORT DE CONTRÔLE ET RÉCÉPTION DES TRAVAUX MOE', 'N5_831'),
(832, 133, 'EX09 - CAUTION DÉFINITIVE', 'N5_832'),
(833, 133, 'EX10 - BORDEREAU D\'ENVOI', 'N5_833'),
(834, 133, 'EX11 - ORDRE D\'ARRÊT', 'N5_834'),
(835, 133, 'EX12 - ORDRE DE REPRISE', 'N5_835'),
(836, 133, 'EX13 - PV DE RECEPTION BBT', 'N5_836'),
(837, 133, 'EX14 - PV DE RECEPTION LABORATOIRE', 'N5_837'),
(838, 133, 'AR01 - DÉCOMPTE DÉFINITIF', 'N5_838'),
(839, 133, 'AR02 - FICHE D\'AUTOCONTROLE', 'N5_839'),
(840, 133, 'AR03 - PLANS DE RECOLLEMENT', 'N5_840'),
(841, 133, 'AR04 - PV DE RÉCÉPTION DÉFINITIVE', 'N5_841'),
(842, 134, 'ET01 - ESTIMATION FINANCIÈRE', 'N5_842'),
(843, 134, 'ET02 - PLANS DE REPÉRAGE', 'N5_843'),
(844, 134, 'ET03 - DCE DE CONSULTATION', 'N5_844'),
(845, 134, 'AJ01 - SYNTHÉSE DES OUVERTURES DE PLIS', 'N5_845'),
(846, 134, 'AJ02 - DOSSIERS DE CANDIDATURE', 'N5_846'),
(847, 134, 'AJ03 - LETTRE DE NOTIFICATION', 'N5_847'),
(848, 134, 'AJ04 - PV D\'OUVERTURE DES PLIS', 'N5_848'),
(849, 134, 'AJ05 - MARCHÉ SIGNÉ', 'N5_849'),
(850, 134, 'AJ06 - ORDRE DE SERVICE', 'N5_850'),
(851, 134, 'AJ08 - PV DE NÉGOCIATION', 'N5_851'),
(852, 134, 'EX01 - FICHE DE VALIDATION PRODUIT', 'N5_852'),
(853, 134, 'EX02 - PLAN D\'EXECUTION VALIDÉ BET & BC', 'N5_853'),
(854, 134, 'EX03 - PLANNING DES TRAVAUX', 'N5_854'),
(855, 134, 'EX04 - DÉCOMPTES PROVISOIRES ET ATTACHEMENTS', 'N5_855'),
(856, 134, 'EX05 - AVENANT ET THB.', 'N5_856'),
(857, 134, 'EX06 - PV DE RÉUNION', 'N5_857'),
(858, 134, 'EX07 - PV DE RÉCEPTION PROVISOIRE', 'N5_858'),
(859, 134, 'EX08 - RAPPORT DE CONTRÔLE ET RÉCÉPTION DES TRAVAUX MOE', 'N5_859'),
(860, 134, 'EX09 - CAUTION DÉFINITIVE', 'N5_860'),
(861, 134, 'EX10 - BORDEREAU D\'ENVOI', 'N5_861'),
(862, 134, 'EX11 - ORDRE D\'ARRÊT', 'N5_862'),
(863, 134, 'EX12 - ORDRE DE REPRISE', 'N5_863'),
(864, 134, 'EX13 - PV DE RECEPTION BBT', 'N5_864'),
(865, 134, 'EX14 - PV DE RECEPTION LABORATOIRE', 'N5_865'),
(866, 134, 'AR01 - DÉCOMPTE DÉFINITIF', 'N5_866'),
(867, 134, 'AR02 - FICHE D\'AUTOCONTROLE', 'N5_867'),
(868, 134, 'AR03 - PLANS DE RECOLLEMENT', 'N5_868'),
(869, 134, 'AR04 - PV DE RÉCÉPTION DÉFINITIVE', 'N5_869'),
(870, 135, 'ET01 - ESTIMATION FINANCIÈRE', 'N5_870'),
(871, 135, 'ET02 - PLANS DE REPÉRAGE', 'N5_871'),
(872, 135, 'ET03 - DCE DE CONSULTATION', 'N5_872'),
(873, 135, 'AJ01 - SYNTHÉSE DES OUVERTURES DE PLIS', 'N5_873'),
(874, 135, 'AJ02 - DOSSIERS DE CANDIDATURE', 'N5_874'),
(875, 135, 'AJ03 - LETTRE DE NOTIFICATION', 'N5_875'),
(876, 135, 'AJ04 - PV D\'OUVERTURE DES PLIS', 'N5_876'),
(877, 135, 'AJ05 - MARCHÉ SIGNÉ', 'N5_877'),
(878, 135, 'AJ06 - ORDRE DE SERVICE', 'N5_878'),
(879, 135, 'AJ08 - PV DE NÉGOCIATION', 'N5_879'),
(880, 135, 'EX01 - FICHE DE VALIDATION PRODUIT', 'N5_880'),
(881, 135, 'EX02 - PLAN D\'EXECUTION VALIDÉ BET & BC', 'N5_881'),
(882, 135, 'EX03 - PLANNING DES TRAVAUX', 'N5_882'),
(883, 135, 'EX04 - DÉCOMPTES PROVISOIRES ET ATTACHEMENTS', 'N5_883'),
(884, 135, 'EX05 - AVENANT ET THB.', 'N5_884'),
(885, 135, 'EX06 - PV DE RÉUNION', 'N5_885'),
(886, 135, 'EX07 - PV DE RÉCEPTION PROVISOIRE', 'N5_886'),
(887, 135, 'EX08 - RAPPORT DE CONTRÔLE ET RÉCÉPTION DES TRAVAUX MOE', 'N5_887'),
(888, 135, 'EX09 - CAUTION DÉFINITIVE', 'N5_888'),
(889, 135, 'EX10 - BORDEREAU D\'ENVOI', 'N5_889'),
(890, 135, 'EX11 - ORDRE D\'ARRÊT', 'N5_890'),
(891, 135, 'EX12 - ORDRE DE REPRISE', 'N5_891'),
(892, 135, 'EX13 - PV DE RECEPTION BBT', 'N5_892'),
(893, 135, 'EX14 - PV DE RECEPTION LABORATOIRE', 'N5_893'),
(894, 135, 'AR01 - DÉCOMPTE DÉFINITIF', 'N5_894'),
(895, 135, 'AR02 - FICHE D\'AUTOCONTROLE', 'N5_895'),
(896, 135, 'AR03 - PLANS DE RECOLLEMENT', 'N5_896'),
(897, 135, 'AR04 - PV DE RÉCÉPTION DÉFINITIVE', 'N5_897'),
(898, 136, 'ET01 - ESTIMATION FINANCIÈRE', 'N5_898'),
(899, 136, 'ET02 - PLANS DE REPÉRAGE', 'N5_899'),
(900, 136, 'ET03 - DCE DE CONSULTATION', 'N5_900'),
(901, 136, 'AJ01 - SYNTHÉSE DES OUVERTURES DE PLIS', 'N5_901'),
(902, 136, 'AJ02 - DOSSIERS DE CANDIDATURE', 'N5_902'),
(903, 136, 'AJ03 - LETTRE DE NOTIFICATION', 'N5_903'),
(904, 136, 'AJ04 - PV D\'OUVERTURE DES PLIS', 'N5_904'),
(905, 136, 'AJ05 - MARCHÉ SIGNÉ', 'N5_905'),
(906, 136, 'AJ06 - ORDRE DE SERVICE', 'N5_906'),
(907, 136, 'AJ08 - PV DE NÉGOCIATION', 'N5_907'),
(908, 136, 'EX01 - FICHE DE VALIDATION PRODUIT', 'N5_908'),
(909, 136, 'EX02 - PLAN D\'EXECUTION VALIDÉ BET & BC', 'N5_909'),
(910, 136, 'EX03 - PLANNING DES TRAVAUX', 'N5_910'),
(911, 136, 'EX04 - DÉCOMPTES PROVISOIRES ET ATTACHEMENTS', 'N5_911'),
(912, 136, 'EX05 - AVENANT ET THB.', 'N5_912'),
(913, 136, 'EX06 - PV DE RÉUNION', 'N5_913'),
(914, 136, 'EX07 - PV DE RÉCEPTION PROVISOIRE', 'N5_914'),
(915, 136, 'EX08 - RAPPORT DE CONTRÔLE ET RÉCÉPTION DES TRAVAUX MOE', 'N5_915'),
(916, 136, 'EX09 - CAUTION DÉFINITIVE', 'N5_916'),
(917, 136, 'EX10 - BORDEREAU D\'ENVOI', 'N5_917'),
(918, 136, 'EX11 - ORDRE D\'ARRÊT', 'N5_918'),
(919, 136, 'EX12 - ORDRE DE REPRISE', 'N5_919'),
(920, 136, 'EX13 - PV DE RECEPTION BBT', 'N5_920'),
(921, 136, 'EX14 - PV DE RECEPTION LABORATOIRE', 'N5_921'),
(922, 136, 'AR01 - DÉCOMPTE DÉFINITIF', 'N5_922'),
(923, 136, 'AR02 - FICHE D\'AUTOCONTROLE', 'N5_923'),
(924, 136, 'AR03 - PLANS DE RECOLLEMENT', 'N5_924'),
(925, 136, 'AR04 - PV DE RÉCÉPTION DÉFINITIVE', 'N5_925'),
(926, 137, 'ET01 - ESTIMATION FINANCIÈRE', 'N5_926'),
(927, 137, 'ET02 - PLANS DE REPÉRAGE', 'N5_927'),
(928, 137, 'ET03 - DCE DE CONSULTATION', 'N5_928'),
(929, 137, 'AJ01 - SYNTHÉSE DES OUVERTURES DE PLIS', 'N5_929'),
(930, 137, 'AJ02 - DOSSIERS DE CANDIDATURE', 'N5_930'),
(931, 137, 'AJ03 - LETTRE DE NOTIFICATION', 'N5_931'),
(932, 137, 'AJ04 - PV D\'OUVERTURE DES PLIS', 'N5_932'),
(933, 137, 'AJ05 - MARCHÉ SIGNÉ', 'N5_933'),
(934, 137, 'AJ06 - ORDRE DE SERVICE', 'N5_934'),
(935, 137, 'AJ08 - PV DE NÉGOCIATION', 'N5_935'),
(936, 137, 'EX01 - FICHE DE VALIDATION PRODUIT', 'N5_936'),
(937, 137, 'EX02 - PLAN D\'EXECUTION VALIDÉ BET & BC', 'N5_937'),
(938, 137, 'EX03 - PLANNING DES TRAVAUX', 'N5_938'),
(939, 137, 'EX04 - DÉCOMPTES PROVISOIRES ET ATTACHEMENTS', 'N5_939'),
(940, 137, 'EX05 - AVENANT ET THB.', 'N5_940'),
(941, 137, 'EX06 - PV DE RÉUNION', 'N5_941'),
(942, 137, 'EX07 - PV DE RÉCEPTION PROVISOIRE', 'N5_942'),
(943, 137, 'EX08 - RAPPORT DE CONTRÔLE ET RÉCÉPTION DES TRAVAUX MOE', 'N5_943'),
(944, 137, 'EX09 - CAUTION DÉFINITIVE', 'N5_944'),
(945, 137, 'EX10 - BORDEREAU D\'ENVOI', 'N5_945'),
(946, 137, 'EX11 - ORDRE D\'ARRÊT', 'N5_946'),
(947, 137, 'EX12 - ORDRE DE REPRISE', 'N5_947'),
(948, 137, 'EX13 - PV DE RECEPTION BBT', 'N5_948'),
(949, 137, 'EX14 - PV DE RECEPTION LABORATOIRE', 'N5_949'),
(950, 137, 'AR01 - DÉCOMPTE DÉFINITIF', 'N5_950'),
(951, 137, 'AR02 - FICHE D\'AUTOCONTROLE', 'N5_951'),
(952, 137, 'AR03 - PLANS DE RECOLLEMENT', 'N5_952'),
(953, 137, 'AR04 - PV DE RÉCÉPTION DÉFINITIVE', 'N5_953'),
(954, 138, 'ET01 - ESTIMATION FINANCIÈRE', 'N5_954'),
(955, 138, 'ET02 - PLANS DE REPÉRAGE', 'N5_955'),
(956, 138, 'ET03 - DCE DE CONSULTATION', 'N5_956'),
(957, 138, 'AJ01 - SYNTHÉSE DES OUVERTURES DE PLIS', 'N5_957'),
(958, 138, 'AJ02 - DOSSIERS DE CANDIDATURE', 'N5_958'),
(959, 138, 'AJ03 - LETTRE DE NOTIFICATION', 'N5_959'),
(960, 138, 'AJ04 - PV D\'OUVERTURE DES PLIS', 'N5_960'),
(961, 138, 'AJ05 - MARCHÉ SIGNÉ', 'N5_961'),
(962, 138, 'AJ06 - ORDRE DE SERVICE', 'N5_962'),
(963, 138, 'AJ08 - PV DE NÉGOCIATION', 'N5_963'),
(964, 138, 'EX01 - FICHE DE VALIDATION PRODUIT', 'N5_964'),
(965, 138, 'EX02 - PLAN D\'EXECUTION VALIDÉ BET & BC', 'N5_965'),
(966, 138, 'EX03 - PLANNING DES TRAVAUX', 'N5_966'),
(967, 138, 'EX04 - DÉCOMPTES PROVISOIRES ET ATTACHEMENTS', 'N5_967'),
(968, 138, 'EX05 - AVENANT ET THB.', 'N5_968'),
(969, 138, 'EX06 - PV DE RÉUNION', 'N5_969'),
(970, 138, 'EX07 - PV DE RÉCEPTION PROVISOIRE', 'N5_970'),
(971, 138, 'EX08 - RAPPORT DE CONTRÔLE ET RÉCÉPTION DES TRAVAUX MOE', 'N5_971'),
(972, 138, 'EX09 - CAUTION DÉFINITIVE', 'N5_972'),
(973, 138, 'EX10 - BORDEREAU D\'ENVOI', 'N5_973'),
(974, 138, 'EX11 - ORDRE D\'ARRÊT', 'N5_974'),
(975, 138, 'EX12 - ORDRE DE REPRISE', 'N5_975'),
(976, 138, 'EX13 - PV DE RECEPTION BBT', 'N5_976'),
(977, 138, 'EX14 - PV DE RECEPTION LABORATOIRE', 'N5_977'),
(978, 138, 'AR01 - DÉCOMPTE DÉFINITIF', 'N5_978'),
(979, 138, 'AR02 - FICHE D\'AUTOCONTROLE', 'N5_979'),
(980, 138, 'AR03 - PLANS DE RECOLLEMENT', 'N5_980'),
(981, 138, 'AR04 - PV DE RÉCÉPTION DÉFINITIVE', 'N5_981'),
(982, 139, 'ET01 - ESTIMATION FINANCIÈRE', 'N5_982'),
(983, 139, 'ET02 - PLANS DE REPÉRAGE', 'N5_983'),
(984, 139, 'ET03 - DCE DE CONSULTATION', 'N5_984'),
(985, 139, 'AJ01 - SYNTHÉSE DES OUVERTURES DE PLIS', 'N5_985'),
(986, 139, 'AJ02 - DOSSIERS DE CANDIDATURE', 'N5_986'),
(987, 139, 'AJ03 - LETTRE DE NOTIFICATION', 'N5_987'),
(988, 139, 'AJ04 - PV D\'OUVERTURE DES PLIS', 'N5_988'),
(989, 139, 'AJ05 - MARCHÉ SIGNÉ', 'N5_989'),
(990, 139, 'AJ06 - ORDRE DE SERVICE', 'N5_990'),
(991, 139, 'AJ08 - PV DE NÉGOCIATION', 'N5_991'),
(992, 139, 'EX01 - FICHE DE VALIDATION PRODUIT', 'N5_992'),
(993, 139, 'EX02 - PLAN D\'EXECUTION VALIDÉ BET & BC', 'N5_993'),
(994, 139, 'EX03 - PLANNING DES TRAVAUX', 'N5_994'),
(995, 139, 'EX04 - DÉCOMPTES PROVISOIRES ET ATTACHEMENTS', 'N5_995'),
(996, 139, 'EX05 - AVENANT ET THB.', 'N5_996'),
(997, 139, 'EX06 - PV DE RÉUNION', 'N5_997'),
(998, 139, 'EX07 - PV DE RÉCEPTION PROVISOIRE', 'N5_998'),
(999, 139, 'EX08 - RAPPORT DE CONTRÔLE ET RÉCÉPTION DES TRAVAUX MOE', 'N5_999'),
(1000, 139, 'EX09 - CAUTION DÉFINITIVE', 'N5_1000'),
(1001, 139, 'EX10 - BORDEREAU D\'ENVOI', 'N5_1001'),
(1002, 139, 'EX11 - ORDRE D\'ARRÊT', 'N5_1002'),
(1003, 139, 'EX12 - ORDRE DE REPRISE', 'N5_1003'),
(1004, 139, 'EX13 - PV DE RECEPTION BBT', 'N5_1004'),
(1005, 139, 'EX14 - PV DE RECEPTION LABORATOIRE', 'N5_1005'),
(1006, 139, 'AR01 - DÉCOMPTE DÉFINITIF', 'N5_1006'),
(1007, 139, 'AR02 - FICHE D\'AUTOCONTROLE', 'N5_1007'),
(1008, 139, 'AR03 - PLANS DE RECOLLEMENT', 'N5_1008'),
(1009, 139, 'AR04 - PV DE RÉCÉPTION DÉFINITIVE', 'N5_1009'),
(1010, 140, 'ET01 - ESTIMATION FINANCIÈRE', 'N5_1010'),
(1011, 140, 'ET02 - PLANS DE REPÉRAGE', 'N5_1011'),
(1012, 140, 'ET03 - DCE DE CONSULTATION', 'N5_1012'),
(1013, 140, 'AJ01 - SYNTHÉSE DES OUVERTURES DE PLIS', 'N5_1013'),
(1014, 140, 'AJ02 - DOSSIERS DE CANDIDATURE', 'N5_1014'),
(1015, 140, 'AJ03 - LETTRE DE NOTIFICATION', 'N5_1015'),
(1016, 140, 'AJ04 - PV D\'OUVERTURE DES PLIS', 'N5_1016'),
(1017, 140, 'AJ05 - MARCHÉ SIGNÉ', 'N5_1017'),
(1018, 140, 'AJ06 - ORDRE DE SERVICE', 'N5_1018'),
(1019, 140, 'AJ08 - PV DE NÉGOCIATION', 'N5_1019'),
(1020, 140, 'EX01 - FICHE DE VALIDATION PRODUIT', 'N5_1020'),
(1021, 140, 'EX02 - PLAN D\'EXECUTION VALIDÉ BET & BC', 'N5_1021'),
(1022, 140, 'EX03 - PLANNING DES TRAVAUX', 'N5_1022'),
(1023, 140, 'EX04 - DÉCOMPTES PROVISOIRES ET ATTACHEMENTS', 'N5_1023'),
(1024, 140, 'EX05 - AVENANT ET THB.', 'N5_1024'),
(1025, 140, 'EX06 - PV DE RÉUNION', 'N5_1025'),
(1026, 140, 'EX07 - PV DE RÉCEPTION PROVISOIRE', 'N5_1026'),
(1027, 140, 'EX08 - RAPPORT DE CONTRÔLE ET RÉCÉPTION DES TRAVAUX MOE', 'N5_1027'),
(1028, 140, 'EX09 - CAUTION DÉFINITIVE', 'N5_1028'),
(1029, 140, 'EX10 - BORDEREAU D\'ENVOI', 'N5_1029'),
(1030, 140, 'EX11 - ORDRE D\'ARRÊT', 'N5_1030'),
(1031, 140, 'EX12 - ORDRE DE REPRISE', 'N5_1031'),
(1032, 140, 'EX13 - PV DE RECEPTION BBT', 'N5_1032'),
(1033, 140, 'EX14 - PV DE RECEPTION LABORATOIRE', 'N5_1033'),
(1034, 140, 'AR01 - DÉCOMPTE DÉFINITIF', 'N5_1034'),
(1035, 140, 'AR02 - FICHE D\'AUTOCONTROLE', 'N5_1035'),
(1036, 140, 'AR03 - PLANS DE RECOLLEMENT', 'N5_1036'),
(1037, 140, 'AR04 - PV DE RÉCÉPTION DÉFINITIVE', 'N5_1037'),
(1038, 141, 'ET01 - ESTIMATION FINANCIÈRE', 'N5_1038'),
(1039, 141, 'ET02 - PLANS DE REPÉRAGE', 'N5_1039'),
(1040, 141, 'ET03 - DCE DE CONSULTATION', 'N5_1040'),
(1041, 141, 'AJ01 - SYNTHÉSE DES OUVERTURES DE PLIS', 'N5_1041'),
(1042, 141, 'AJ02 - DOSSIERS DE CANDIDATURE', 'N5_1042'),
(1043, 141, 'AJ03 - LETTRE DE NOTIFICATION', 'N5_1043'),
(1044, 141, 'AJ04 - PV D\'OUVERTURE DES PLIS', 'N5_1044'),
(1045, 141, 'AJ05 - MARCHÉ SIGNÉ', 'N5_1045'),
(1046, 141, 'AJ06 - ORDRE DE SERVICE', 'N5_1046'),
(1047, 141, 'AJ08 - PV DE NÉGOCIATION', 'N5_1047'),
(1048, 141, 'EX01 - FICHE DE VALIDATION PRODUIT', 'N5_1048'),
(1049, 141, 'EX02 - PLAN D\'EXECUTION VALIDÉ BET & BC', 'N5_1049'),
(1050, 141, 'EX03 - PLANNING DES TRAVAUX', 'N5_1050'),
(1051, 141, 'EX04 - DÉCOMPTES PROVISOIRES ET ATTACHEMENTS', 'N5_1051'),
(1052, 141, 'EX05 - AVENANT ET THB.', 'N5_1052'),
(1053, 141, 'EX06 - PV DE RÉUNION', 'N5_1053'),
(1054, 141, 'EX07 - PV DE RÉCEPTION PROVISOIRE', 'N5_1054'),
(1055, 141, 'EX08 - RAPPORT DE CONTRÔLE ET RÉCÉPTION DES TRAVAUX MOE', 'N5_1055'),
(1056, 141, 'EX09 - CAUTION DÉFINITIVE', 'N5_1056'),
(1057, 141, 'EX10 - BORDEREAU D\'ENVOI', 'N5_1057'),
(1058, 141, 'EX11 - ORDRE D\'ARRÊT', 'N5_1058'),
(1059, 141, 'EX12 - ORDRE DE REPRISE', 'N5_1059'),
(1060, 141, 'EX13 - PV DE RECEPTION BBT', 'N5_1060'),
(1061, 141, 'EX14 - PV DE RECEPTION LABORATOIRE', 'N5_1061'),
(1062, 141, 'AR01 - DÉCOMPTE DÉFINITIF', 'N5_1062'),
(1063, 141, 'AR02 - FICHE D\'AUTOCONTROLE', 'N5_1063'),
(1064, 141, 'AR03 - PLANS DE RECOLLEMENT', 'N5_1064'),
(1065, 141, 'AR04 - PV DE RÉCÉPTION DÉFINITIVE', 'N5_1065'),
(1066, 142, 'ET01 - ESTIMATION FINANCIÈRE', 'N5_1066'),
(1067, 142, 'ET02 - PLANS DE REPÉRAGE', 'N5_1067'),
(1068, 142, 'ET03 - DCE DE CONSULTATION', 'N5_1068'),
(1069, 142, 'AJ01 - SYNTHÉSE DES OUVERTURES DE PLIS', 'N5_1069'),
(1070, 142, 'AJ02 - DOSSIERS DE CANDIDATURE', 'N5_1070'),
(1071, 142, 'AJ03 - LETTRE DE NOTIFICATION', 'N5_1071'),
(1072, 142, 'AJ04 - PV D\'OUVERTURE DES PLIS', 'N5_1072'),
(1073, 142, 'AJ05 - MARCHÉ SIGNÉ', 'N5_1073'),
(1074, 142, 'AJ06 - ORDRE DE SERVICE', 'N5_1074'),
(1075, 142, 'AJ08 - PV DE NÉGOCIATION', 'N5_1075'),
(1076, 142, 'EX01 - FICHE DE VALIDATION PRODUIT', 'N5_1076'),
(1077, 142, 'EX02 - PLAN D\'EXECUTION VALIDÉ BET & BC', 'N5_1077'),
(1078, 142, 'EX03 - PLANNING DES TRAVAUX', 'N5_1078'),
(1079, 142, 'EX04 - DÉCOMPTES PROVISOIRES ET ATTACHEMENTS', 'N5_1079'),
(1080, 142, 'EX05 - AVENANT ET THB.', 'N5_1080'),
(1081, 142, 'EX06 - PV DE RÉUNION', 'N5_1081'),
(1082, 142, 'EX07 - PV DE RÉCEPTION PROVISOIRE', 'N5_1082'),
(1083, 142, 'EX08 - RAPPORT DE CONTRÔLE ET RÉCÉPTION DES TRAVAUX MOE', 'N5_1083'),
(1084, 142, 'EX09 - CAUTION DÉFINITIVE', 'N5_1084'),
(1085, 142, 'EX10 - BORDEREAU D\'ENVOI', 'N5_1085'),
(1086, 142, 'EX11 - ORDRE D\'ARRÊT', 'N5_1086'),
(1087, 142, 'EX12 - ORDRE DE REPRISE', 'N5_1087'),
(1088, 142, 'EX13 - PV DE RECEPTION BBT', 'N5_1088'),
(1089, 142, 'EX14 - PV DE RECEPTION LABORATOIRE', 'N5_1089'),
(1090, 142, 'AR01 - DÉCOMPTE DÉFINITIF', 'N5_1090'),
(1091, 142, 'AR02 - FICHE D\'AUTOCONTROLE', 'N5_1091'),
(1092, 142, 'AR03 - PLANS DE RECOLLEMENT', 'N5_1092'),
(1093, 142, 'AR04 - PV DE RÉCÉPTION DÉFINITIVE', 'N5_1093'),
(1094, 143, 'ET01 - ESTIMATION FINANCIÈRE', 'N5_1094'),
(1095, 143, 'ET02 - PLANS DE REPÉRAGE', 'N5_1095'),
(1096, 143, 'ET03 - DCE DE CONSULTATION', 'N5_1096'),
(1097, 143, 'AJ01 - SYNTHÉSE DES OUVERTURES DE PLIS', 'N5_1097'),
(1098, 143, 'AJ02 - DOSSIERS DE CANDIDATURE', 'N5_1098'),
(1099, 143, 'AJ03 - LETTRE DE NOTIFICATION', 'N5_1099'),
(1100, 143, 'AJ04 - PV D\'OUVERTURE DES PLIS', 'N5_1100'),
(1101, 143, 'AJ05 - MARCHÉ SIGNÉ', 'N5_1101'),
(1102, 143, 'AJ06 - ORDRE DE SERVICE', 'N5_1102'),
(1103, 143, 'AJ08 - PV DE NÉGOCIATION', 'N5_1103'),
(1104, 143, 'EX01 - FICHE DE VALIDATION PRODUIT', 'N5_1104'),
(1105, 143, 'EX02 - PLAN D\'EXECUTION VALIDÉ BET & BC', 'N5_1105'),
(1106, 143, 'EX03 - PLANNING DES TRAVAUX', 'N5_1106'),
(1107, 143, 'EX04 - DÉCOMPTES PROVISOIRES ET ATTACHEMENTS', 'N5_1107'),
(1108, 143, 'EX05 - AVENANT ET THB.', 'N5_1108'),
(1109, 143, 'EX06 - PV DE RÉUNION', 'N5_1109'),
(1110, 143, 'EX07 - PV DE RÉCEPTION PROVISOIRE', 'N5_1110');
INSERT INTO `nv5` (`id`, `nv4_id`, `designation`, `code`) VALUES
(1111, 143, 'EX08 - RAPPORT DE CONTRÔLE ET RÉCÉPTION DES TRAVAUX MOE', 'N5_1111'),
(1112, 143, 'EX09 - CAUTION DÉFINITIVE', 'N5_1112'),
(1113, 143, 'EX10 - BORDEREAU D\'ENVOI', 'N5_1113'),
(1114, 143, 'EX11 - ORDRE D\'ARRÊT', 'N5_1114'),
(1115, 143, 'EX12 - ORDRE DE REPRISE', 'N5_1115'),
(1116, 143, 'EX13 - PV DE RECEPTION BBT', 'N5_1116'),
(1117, 143, 'EX14 - PV DE RECEPTION LABORATOIRE', 'N5_1117'),
(1118, 143, 'AR01 - DÉCOMPTE DÉFINITIF', 'N5_1118'),
(1119, 143, 'AR02 - FICHE D\'AUTOCONTROLE', 'N5_1119'),
(1120, 143, 'AR03 - PLANS DE RECOLLEMENT', 'N5_1120'),
(1121, 143, 'AR04 - PV DE RÉCÉPTION DÉFINITIVE', 'N5_1121'),
(1122, 144, 'ET01 - ESTIMATION FINANCIÈRE', 'N5_1122'),
(1123, 144, 'ET02 - PLANS DE REPÉRAGE', 'N5_1123'),
(1124, 144, 'ET03 - DCE DE CONSULTATION', 'N5_1124'),
(1125, 144, 'AJ01 - SYNTHÉSE DES OUVERTURES DE PLIS', 'N5_1125'),
(1126, 144, 'AJ02 - DOSSIERS DE CANDIDATURE', 'N5_1126'),
(1127, 144, 'AJ03 - LETTRE DE NOTIFICATION', 'N5_1127'),
(1128, 144, 'AJ04 - PV D\'OUVERTURE DES PLIS', 'N5_1128'),
(1129, 144, 'AJ05 - MARCHÉ SIGNÉ', 'N5_1129'),
(1130, 144, 'AJ06 - ORDRE DE SERVICE', 'N5_1130'),
(1131, 144, 'AJ08 - PV DE NÉGOCIATION', 'N5_1131'),
(1132, 144, 'EX01 - FICHE DE VALIDATION PRODUIT', 'N5_1132'),
(1133, 144, 'EX02 - PLAN D\'EXECUTION VALIDÉ BET & BC', 'N5_1133'),
(1134, 144, 'EX03 - PLANNING DES TRAVAUX', 'N5_1134'),
(1135, 144, 'EX04 - DÉCOMPTES PROVISOIRES ET ATTACHEMENTS', 'N5_1135'),
(1136, 144, 'EX05 - AVENANT ET THB.', 'N5_1136'),
(1137, 144, 'EX06 - PV DE RÉUNION', 'N5_1137'),
(1138, 144, 'EX07 - PV DE RÉCEPTION PROVISOIRE', 'N5_1138'),
(1139, 144, 'EX08 - RAPPORT DE CONTRÔLE ET RÉCÉPTION DES TRAVAUX MOE', 'N5_1139'),
(1140, 144, 'EX09 - CAUTION DÉFINITIVE', 'N5_1140'),
(1141, 144, 'EX10 - BORDEREAU D\'ENVOI', 'N5_1141'),
(1142, 144, 'EX11 - ORDRE D\'ARRÊT', 'N5_1142'),
(1143, 144, 'EX12 - ORDRE DE REPRISE', 'N5_1143'),
(1144, 144, 'EX13 - PV DE RECEPTION BBT', 'N5_1144'),
(1145, 144, 'EX14 - PV DE RECEPTION LABORATOIRE', 'N5_1145'),
(1146, 144, 'AR01 - DÉCOMPTE DÉFINITIF', 'N5_1146'),
(1147, 144, 'AR02 - FICHE D\'AUTOCONTROLE', 'N5_1147'),
(1148, 144, 'AR03 - PLANS DE RECOLLEMENT', 'N5_1148'),
(1149, 144, 'AR04 - PV DE RÉCÉPTION DÉFINITIVE', 'N5_1149'),
(1150, 145, 'ET01 - ESTIMATION FINANCIÈRE', 'N5_1150'),
(1151, 145, 'ET02 - PLANS DE REPÉRAGE', 'N5_1151'),
(1152, 145, 'ET03 - DCE DE CONSULTATION', 'N5_1152'),
(1153, 145, 'AJ01 - SYNTHÉSE DES OUVERTURES DE PLIS', 'N5_1153'),
(1154, 145, 'AJ02 - DOSSIERS DE CANDIDATURE', 'N5_1154'),
(1155, 145, 'AJ03 - LETTRE DE NOTIFICATION', 'N5_1155'),
(1156, 145, 'AJ04 - PV D\'OUVERTURE DES PLIS', 'N5_1156'),
(1157, 145, 'AJ05 - MARCHÉ SIGNÉ', 'N5_1157'),
(1158, 145, 'AJ06 - ORDRE DE SERVICE', 'N5_1158'),
(1159, 145, 'AJ08 - PV DE NÉGOCIATION', 'N5_1159'),
(1160, 145, 'EX01 - FICHE DE VALIDATION PRODUIT', 'N5_1160'),
(1161, 145, 'EX02 - PLAN D\'EXECUTION VALIDÉ BET & BC', 'N5_1161'),
(1162, 145, 'EX03 - PLANNING DES TRAVAUX', 'N5_1162'),
(1163, 145, 'EX04 - DÉCOMPTES PROVISOIRES ET ATTACHEMENTS', 'N5_1163'),
(1164, 145, 'EX05 - AVENANT ET THB.', 'N5_1164'),
(1165, 145, 'EX06 - PV DE RÉUNION', 'N5_1165'),
(1166, 145, 'EX07 - PV DE RÉCEPTION PROVISOIRE', 'N5_1166'),
(1167, 145, 'EX08 - RAPPORT DE CONTRÔLE ET RÉCÉPTION DES TRAVAUX MOE', 'N5_1167'),
(1168, 145, 'EX09 - CAUTION DÉFINITIVE', 'N5_1168'),
(1169, 145, 'EX10 - BORDEREAU D\'ENVOI', 'N5_1169'),
(1170, 145, 'EX11 - ORDRE D\'ARRÊT', 'N5_1170'),
(1171, 145, 'EX12 - ORDRE DE REPRISE', 'N5_1171'),
(1172, 145, 'EX13 - PV DE RECEPTION BBT', 'N5_1172'),
(1173, 145, 'EX14 - PV DE RECEPTION LABORATOIRE', 'N5_1173'),
(1174, 145, 'AR01 - DÉCOMPTE DÉFINITIF', 'N5_1174'),
(1175, 145, 'AR02 - FICHE D\'AUTOCONTROLE', 'N5_1175'),
(1176, 145, 'AR03 - PLANS DE RECOLLEMENT', 'N5_1176'),
(1177, 145, 'AR04 - PV DE RÉCÉPTION DÉFINITIVE', 'N5_1177'),
(1178, 146, 'ET01 - ESTIMATION FINANCIÈRE', 'N5_1178'),
(1179, 146, 'ET02 - PLANS DE REPÉRAGE', 'N5_1179'),
(1180, 146, 'ET03 - DCE DE CONSULTATION', 'N5_1180'),
(1181, 146, 'AJ01 - SYNTHÉSE DES OUVERTURES DE PLIS', 'N5_1181'),
(1182, 146, 'AJ02 - DOSSIERS DE CANDIDATURE', 'N5_1182'),
(1183, 146, 'AJ03 - LETTRE DE NOTIFICATION', 'N5_1183'),
(1184, 146, 'AJ04 - PV D\'OUVERTURE DES PLIS', 'N5_1184'),
(1185, 146, 'AJ05 - MARCHÉ SIGNÉ', 'N5_1185'),
(1186, 146, 'AJ06 - ORDRE DE SERVICE', 'N5_1186'),
(1187, 146, 'AJ08 - PV DE NÉGOCIATION', 'N5_1187'),
(1188, 146, 'EX01 - FICHE DE VALIDATION PRODUIT', 'N5_1188'),
(1189, 146, 'EX02 - PLAN D\'EXECUTION VALIDÉ BET & BC', 'N5_1189'),
(1190, 146, 'EX03 - PLANNING DES TRAVAUX', 'N5_1190'),
(1191, 146, 'EX04 - DÉCOMPTES PROVISOIRES ET ATTACHEMENTS', 'N5_1191'),
(1192, 146, 'EX05 - AVENANT ET THB.', 'N5_1192'),
(1193, 146, 'EX06 - PV DE RÉUNION', 'N5_1193'),
(1194, 146, 'EX07 - PV DE RÉCEPTION PROVISOIRE', 'N5_1194'),
(1195, 146, 'EX08 - RAPPORT DE CONTRÔLE ET RÉCÉPTION DES TRAVAUX MOE', 'N5_1195'),
(1196, 146, 'EX09 - CAUTION DÉFINITIVE', 'N5_1196'),
(1197, 146, 'EX10 - BORDEREAU D\'ENVOI', 'N5_1197'),
(1198, 146, 'EX11 - ORDRE D\'ARRÊT', 'N5_1198'),
(1199, 146, 'EX12 - ORDRE DE REPRISE', 'N5_1199'),
(1200, 146, 'EX13 - PV DE RECEPTION BBT', 'N5_1200'),
(1201, 146, 'EX14 - PV DE RECEPTION LABORATOIRE', 'N5_1201'),
(1202, 146, 'AR01 - DÉCOMPTE DÉFINITIF', 'N5_1202'),
(1203, 146, 'AR02 - FICHE D\'AUTOCONTROLE', 'N5_1203'),
(1204, 146, 'AR03 - PLANS DE RECOLLEMENT', 'N5_1204'),
(1205, 146, 'AR04 - PV DE RÉCÉPTION DÉFINITIVE', 'N5_1205'),
(1206, 147, 'ET01 - ESTIMATION FINANCIÈRE', 'N5_1206'),
(1207, 147, 'ET02 - PLANS DE REPÉRAGE', 'N5_1207'),
(1208, 147, 'ET03 - DCE DE CONSULTATION', 'N5_1208'),
(1209, 147, 'AJ01 - SYNTHÉSE DES OUVERTURES DE PLIS', 'N5_1209'),
(1210, 147, 'AJ02 - DOSSIERS DE CANDIDATURE', 'N5_1210'),
(1211, 147, 'AJ03 - LETTRE DE NOTIFICATION', 'N5_1211'),
(1212, 147, 'AJ04 - PV D\'OUVERTURE DES PLIS', 'N5_1212'),
(1213, 147, 'AJ05 - MARCHÉ SIGNÉ', 'N5_1213'),
(1214, 147, 'AJ06 - ORDRE DE SERVICE', 'N5_1214'),
(1215, 147, 'AJ08 - PV DE NÉGOCIATION', 'N5_1215'),
(1216, 147, 'EX01 - FICHE DE VALIDATION PRODUIT', 'N5_1216'),
(1217, 147, 'EX02 - PLAN D\'EXECUTION VALIDÉ BET & BC', 'N5_1217'),
(1218, 147, 'EX03 - PLANNING DES TRAVAUX', 'N5_1218'),
(1219, 147, 'EX04 - DÉCOMPTES PROVISOIRES ET ATTACHEMENTS', 'N5_1219'),
(1220, 147, 'EX05 - AVENANT ET THB.', 'N5_1220'),
(1221, 147, 'EX06 - PV DE RÉUNION', 'N5_1221'),
(1222, 147, 'EX07 - PV DE RÉCEPTION PROVISOIRE', 'N5_1222'),
(1223, 147, 'EX08 - RAPPORT DE CONTRÔLE ET RÉCÉPTION DES TRAVAUX MOE', 'N5_1223'),
(1224, 147, 'EX09 - CAUTION DÉFINITIVE', 'N5_1224'),
(1225, 147, 'EX10 - BORDEREAU D\'ENVOI', 'N5_1225'),
(1226, 147, 'EX11 - ORDRE D\'ARRÊT', 'N5_1226'),
(1227, 147, 'EX12 - ORDRE DE REPRISE', 'N5_1227'),
(1228, 147, 'EX13 - PV DE RECEPTION BBT', 'N5_1228'),
(1229, 147, 'EX14 - PV DE RECEPTION LABORATOIRE', 'N5_1229'),
(1230, 147, 'AR01 - DÉCOMPTE DÉFINITIF', 'N5_1230'),
(1231, 147, 'AR02 - FICHE D\'AUTOCONTROLE', 'N5_1231'),
(1232, 147, 'AR03 - PLANS DE RECOLLEMENT', 'N5_1232'),
(1233, 147, 'AR04 - PV DE RÉCÉPTION DÉFINITIVE', 'N5_1233'),
(1234, 148, 'ET01 - ESTIMATION FINANCIÈRE', 'N5_1234'),
(1235, 148, 'ET02 - PLANS DE REPÉRAGE', 'N5_1235'),
(1236, 148, 'ET03 - DCE DE CONSULTATION', 'N5_1236'),
(1237, 148, 'AJ01 - SYNTHÉSE DES OUVERTURES DE PLIS', 'N5_1237'),
(1238, 148, 'AJ02 - DOSSIERS DE CANDIDATURE', 'N5_1238'),
(1239, 148, 'AJ03 - LETTRE DE NOTIFICATION', 'N5_1239'),
(1240, 148, 'AJ04 - PV D\'OUVERTURE DES PLIS', 'N5_1240'),
(1241, 148, 'AJ05 - MARCHÉ SIGNÉ', 'N5_1241'),
(1242, 148, 'AJ06 - ORDRE DE SERVICE', 'N5_1242'),
(1243, 148, 'AJ08 - PV DE NÉGOCIATION', 'N5_1243'),
(1244, 148, 'EX01 - FICHE DE VALIDATION PRODUIT', 'N5_1244'),
(1245, 148, 'EX02 - PLAN D\'EXECUTION VALIDÉ BET & BC', 'N5_1245'),
(1246, 148, 'EX03 - PLANNING DES TRAVAUX', 'N5_1246'),
(1247, 148, 'EX04 - DÉCOMPTES PROVISOIRES ET ATTACHEMENTS', 'N5_1247'),
(1248, 148, 'EX05 - AVENANT ET THB.', 'N5_1248'),
(1249, 148, 'EX06 - PV DE RÉUNION', 'N5_1249'),
(1250, 148, 'EX07 - PV DE RÉCEPTION PROVISOIRE', 'N5_1250'),
(1251, 148, 'EX08 - RAPPORT DE CONTRÔLE ET RÉCÉPTION DES TRAVAUX MOE', 'N5_1251'),
(1252, 148, 'EX09 - CAUTION DÉFINITIVE', 'N5_1252'),
(1253, 148, 'EX10 - BORDEREAU D\'ENVOI', 'N5_1253'),
(1254, 148, 'EX11 - ORDRE D\'ARRÊT', 'N5_1254'),
(1255, 148, 'EX12 - ORDRE DE REPRISE', 'N5_1255'),
(1256, 148, 'EX13 - PV DE RECEPTION BBT', 'N5_1256'),
(1257, 148, 'EX14 - PV DE RECEPTION LABORATOIRE', 'N5_1257'),
(1258, 148, 'AR01 - DÉCOMPTE DÉFINITIF', 'N5_1258'),
(1259, 148, 'AR02 - FICHE D\'AUTOCONTROLE', 'N5_1259'),
(1260, 148, 'AR03 - PLANS DE RECOLLEMENT', 'N5_1260'),
(1261, 148, 'AR04 - PV DE RÉCÉPTION DÉFINITIVE', 'N5_1261'),
(1262, 149, 'ET01 - ESTIMATION FINANCIÈRE', 'N5_1262'),
(1263, 149, 'ET02 - PLANS DE REPÉRAGE', 'N5_1263'),
(1264, 149, 'ET03 - DCE DE CONSULTATION', 'N5_1264'),
(1265, 149, 'AJ01 - SYNTHÉSE DES OUVERTURES DE PLIS', 'N5_1265'),
(1266, 149, 'AJ02 - DOSSIERS DE CANDIDATURE', 'N5_1266'),
(1267, 149, 'AJ03 - LETTRE DE NOTIFICATION', 'N5_1267'),
(1268, 149, 'AJ04 - PV D\'OUVERTURE DES PLIS', 'N5_1268'),
(1269, 149, 'AJ05 - MARCHÉ SIGNÉ', 'N5_1269'),
(1270, 149, 'AJ06 - ORDRE DE SERVICE', 'N5_1270'),
(1271, 149, 'AJ08 - PV DE NÉGOCIATION', 'N5_1271'),
(1272, 149, 'EX01 - FICHE DE VALIDATION PRODUIT', 'N5_1272'),
(1273, 149, 'EX02 - PLAN D\'EXECUTION VALIDÉ BET & BC', 'N5_1273'),
(1274, 149, 'EX03 - PLANNING DES TRAVAUX', 'N5_1274'),
(1275, 149, 'EX04 - DÉCOMPTES PROVISOIRES ET ATTACHEMENTS', 'N5_1275'),
(1276, 149, 'EX05 - AVENANT ET THB.', 'N5_1276'),
(1277, 149, 'EX06 - PV DE RÉUNION', 'N5_1277'),
(1278, 149, 'EX07 - PV DE RÉCEPTION PROVISOIRE', 'N5_1278'),
(1279, 149, 'EX08 - RAPPORT DE CONTRÔLE ET RÉCÉPTION DES TRAVAUX MOE', 'N5_1279'),
(1280, 149, 'EX09 - CAUTION DÉFINITIVE', 'N5_1280'),
(1281, 149, 'EX10 - BORDEREAU D\'ENVOI', 'N5_1281'),
(1282, 149, 'EX11 - ORDRE D\'ARRÊT', 'N5_1282'),
(1283, 149, 'EX12 - ORDRE DE REPRISE', 'N5_1283'),
(1284, 149, 'EX13 - PV DE RECEPTION BBT', 'N5_1284'),
(1285, 149, 'EX14 - PV DE RECEPTION LABORATOIRE', 'N5_1285'),
(1286, 149, 'AR01 - DÉCOMPTE DÉFINITIF', 'N5_1286'),
(1287, 149, 'AR02 - FICHE D\'AUTOCONTROLE', 'N5_1287'),
(1288, 149, 'AR03 - PLANS DE RECOLLEMENT', 'N5_1288'),
(1289, 149, 'AR04 - PV DE RÉCÉPTION DÉFINITIVE', 'N5_1289'),
(1290, 150, 'ET01 - ESTIMATION FINANCIÈRE', 'N5_1290'),
(1291, 150, 'ET02 - PLANS DE REPÉRAGE', 'N5_1291'),
(1292, 150, 'ET03 - DCE DE CONSULTATION', 'N5_1292'),
(1293, 150, 'AJ01 - SYNTHÉSE DES OUVERTURES DE PLIS', 'N5_1293'),
(1294, 150, 'AJ02 - DOSSIERS DE CANDIDATURE', 'N5_1294'),
(1295, 150, 'AJ03 - LETTRE DE NOTIFICATION', 'N5_1295'),
(1296, 150, 'AJ04 - PV D\'OUVERTURE DES PLIS', 'N5_1296'),
(1297, 150, 'AJ05 - MARCHÉ SIGNÉ', 'N5_1297'),
(1298, 150, 'AJ06 - ORDRE DE SERVICE', 'N5_1298'),
(1299, 150, 'AJ08 - PV DE NÉGOCIATION', 'N5_1299'),
(1300, 150, 'EX01 - FICHE DE VALIDATION PRODUIT', 'N5_1300'),
(1301, 150, 'EX02 - PLAN D\'EXECUTION VALIDÉ BET & BC', 'N5_1301'),
(1302, 150, 'EX03 - PLANNING DES TRAVAUX', 'N5_1302'),
(1303, 150, 'EX04 - DÉCOMPTES PROVISOIRES ET ATTACHEMENTS', 'N5_1303'),
(1304, 150, 'EX05 - AVENANT ET THB.', 'N5_1304'),
(1305, 150, 'EX06 - PV DE RÉUNION', 'N5_1305'),
(1306, 150, 'EX07 - PV DE RÉCEPTION PROVISOIRE', 'N5_1306'),
(1307, 150, 'EX08 - RAPPORT DE CONTRÔLE ET RÉCÉPTION DES TRAVAUX MOE', 'N5_1307'),
(1308, 150, 'EX09 - CAUTION DÉFINITIVE', 'N5_1308'),
(1309, 150, 'EX10 - BORDEREAU D\'ENVOI', 'N5_1309'),
(1310, 150, 'EX11 - ORDRE D\'ARRÊT', 'N5_1310'),
(1311, 150, 'EX12 - ORDRE DE REPRISE', 'N5_1311'),
(1312, 150, 'EX13 - PV DE RECEPTION BBT', 'N5_1312'),
(1313, 150, 'EX14 - PV DE RECEPTION LABORATOIRE', 'N5_1313'),
(1314, 150, 'AR01 - DÉCOMPTE DÉFINITIF', 'N5_1314'),
(1315, 150, 'AR02 - FICHE D\'AUTOCONTROLE', 'N5_1315'),
(1316, 150, 'AR03 - PLANS DE RECOLLEMENT', 'N5_1316'),
(1317, 150, 'AR04 - PV DE RÉCÉPTION DÉFINITIVE', 'N5_1317'),
(1318, 151, 'REPORTINGS MENSUELS', 'N5_1318'),
(1319, 151, 'FICHES', 'N5_1319'),
(1320, 151, 'DOSSIERS', 'N5_1320'),
(1321, 151, 'AUTRES', 'N5_1321'),
(1322, 152, 'REPORTINGS MENSUELS', 'N5_1322'),
(1323, 152, 'FICHES', 'N5_1323'),
(1324, 152, 'DOSSIERS', 'N5_1324'),
(1325, 152, 'AUTRES', 'N5_1325'),
(1326, 153, 'REPORTINGS MENSUELS', 'N5_1326'),
(1327, 153, 'FICHES', 'N5_1327'),
(1328, 153, 'DOSSIERS', 'N5_1328'),
(1329, 153, 'AUTRES', 'N5_1329'),
(1330, 154, 'REPORTINGS MENSUELS', 'N5_1330'),
(1331, 154, 'FICHES', 'N5_1331'),
(1332, 154, 'DOSSIERS', 'N5_1332'),
(1333, 154, 'AUTRES', 'N5_1333'),
(1334, 155, 'REPORTINGS MENSUELS', 'N5_1334'),
(1335, 155, 'FICHES', 'N5_1335'),
(1336, 155, 'DOSSIERS', 'N5_1336'),
(1337, 155, 'AUTRES', 'N5_1337'),
(1338, 156, 'REPORTINGS MENSUELS', 'N5_1338'),
(1339, 156, 'FICHES', 'N5_1339'),
(1340, 156, 'DOSSIERS', 'N5_1340'),
(1341, 156, 'AUTRES', 'N5_1341'),
(1342, 157, 'REPORTINGS MENSUELS', 'N5_1342'),
(1343, 157, 'FICHES', 'N5_1343'),
(1344, 157, 'DOSSIERS', 'N5_1344'),
(1345, 157, 'AUTRES', 'N5_1345'),
(1346, 158, 'REPORTINGS MENSUELS', 'N5_1346'),
(1347, 158, 'FICHES', 'N5_1347'),
(1348, 158, 'DOSSIERS', 'N5_1348'),
(1349, 158, 'AUTRES', 'N5_1349'),
(1350, 159, 'REPORTINGS MENSUELS', 'N5_1350'),
(1351, 159, 'FICHES', 'N5_1351'),
(1352, 159, 'DOSSIERS', 'N5_1352'),
(1353, 159, 'AUTRES', 'N5_1353'),
(1354, 160, 'REPORTINGS MENSUELS', 'N5_1354'),
(1355, 160, 'FICHES', 'N5_1355'),
(1356, 160, 'DOSSIERS', 'N5_1356'),
(1357, 160, 'AUTRES', 'N5_1357'),
(1358, 161, 'REPORTINGS MENSUELS', 'N5_1358'),
(1359, 161, 'FICHES', 'N5_1359'),
(1360, 161, 'DOSSIERS', 'N5_1360'),
(1361, 161, 'AUTRES', 'N5_1361'),
(1362, 162, 'REPORTINGS MENSUELS', 'N5_1362'),
(1363, 162, 'FICHES', 'N5_1363'),
(1364, 162, 'DOSSIERS', 'N5_1364'),
(1365, 162, 'AUTRES', 'N5_1365'),
(1366, 163, 'REPORTINGS MENSUELS', 'N5_1366'),
(1367, 163, 'FICHES', 'N5_1367'),
(1368, 163, 'DOSSIERS', 'N5_1368'),
(1369, 163, 'AUTRES', 'N5_1369'),
(1370, 164, 'REPORTINGS MENSUELS', 'N5_1370'),
(1371, 164, 'FICHES', 'N5_1371'),
(1372, 164, 'DOSSIERS', 'N5_1372'),
(1373, 164, 'AUTRES', 'N5_1373'),
(1374, 165, 'REPORTINGS MENSUELS', 'N5_1374'),
(1375, 165, 'FICHES', 'N5_1375'),
(1376, 165, 'DOSSIERS', 'N5_1376'),
(1377, 165, 'AUTRES', 'N5_1377'),
(1378, 166, 'REPORTINGS MENSUELS', 'N5_1378'),
(1379, 166, 'FICHES', 'N5_1379'),
(1380, 166, 'DOSSIERS', 'N5_1380'),
(1381, 166, 'AUTRES', 'N5_1381'),
(1382, 167, 'REPORTINGS MENSUELS', 'N5_1382'),
(1383, 167, 'FICHES', 'N5_1383'),
(1384, 167, 'DOSSIERS', 'N5_1384'),
(1385, 167, 'AUTRES', 'N5_1385'),
(1386, 168, 'REPORTINGS MENSUELS', 'N5_1386'),
(1387, 168, 'FICHES', 'N5_1387'),
(1388, 168, 'DOSSIERS', 'N5_1388'),
(1389, 168, 'AUTRES', 'N5_1389'),
(1390, 169, 'REPORTINGS MENSUELS', 'N5_1390'),
(1391, 169, 'FICHES', 'N5_1391'),
(1392, 169, 'DOSSIERS', 'N5_1392'),
(1393, 169, 'AUTRES', 'N5_1393'),
(1394, 170, 'REPORTINGS MENSUELS', 'N5_1394'),
(1395, 170, 'FICHES', 'N5_1395'),
(1396, 170, 'DOSSIERS', 'N5_1396'),
(1397, 170, 'AUTRES', 'N5_1397'),
(1398, 171, 'REPORTINGS MENSUELS', 'N5_1398'),
(1399, 171, 'FICHES', 'N5_1399'),
(1400, 171, 'DOSSIERS', 'N5_1400'),
(1401, 171, 'AUTRES', 'N5_1401');

-- --------------------------------------------------------

--
-- Table structure for table `tacces`
--

CREATE TABLE `tacces` (
  `id` int(11) NOT NULL,
  `user_affectation_id` int(11) DEFAULT NULL,
  `action_id` int(11) DEFAULT NULL,
  `document_id` int(11) DEFAULT NULL
) ENGINE=InnoDB DEFAULT CHARSET=utf8mb4 COLLATE=utf8mb4_unicode_ci;

-- --------------------------------------------------------

--
-- Table structure for table `taction`
--

CREATE TABLE `taction` (
  `id` int(11) NOT NULL,
  `ref_action` varchar(255) COLLATE utf8mb4_unicode_ci DEFAULT NULL,
  `intitule` varchar(255) COLLATE utf8mb4_unicode_ci DEFAULT NULL,
  `date_creation` date DEFAULT NULL,
  `user_create` varchar(255) COLLATE utf8mb4_unicode_ci DEFAULT NULL,
  `active` int(11) DEFAULT NULL,
  `cloturer` int(11) DEFAULT NULL,
  `urgence` varchar(255) COLLATE utf8mb4_unicode_ci DEFAULT NULL,
  `suspendre` int(11) DEFAULT NULL,
  `taction_id` int(11) DEFAULT NULL,
  `etat_urgence_id` int(11) DEFAULT NULL,
  `code_nv` varchar(255) COLLATE utf8mb4_unicode_ci DEFAULT NULL,
  `statut` varchar(255) COLLATE utf8mb4_unicode_ci DEFAULT NULL,
  `annuler` varchar(255) COLLATE utf8mb4_unicode_ci DEFAULT NULL
) ENGINE=InnoDB DEFAULT CHARSET=utf8mb4 COLLATE=utf8mb4_unicode_ci;

--
-- Dumping data for table `taction`
--

INSERT INTO `taction` (`id`, `ref_action`, `intitule`, `date_creation`, `user_create`, `active`, `cloturer`, `urgence`, `suspendre`, `taction_id`, `etat_urgence_id`, `code_nv`, `statut`, `annuler`) VALUES
(82, NULL, 'TEST N1', '2021-06-06', 'DJ', 1, 0, NULL, 0, 1, 1, 'N1_1', 'En cours', '0'),
(83, NULL, 'biologie', '2021-06-07', 'DJ', 1, 0, NULL, 1, 2, 1, 'N1_1', 'En cours', '0'),
(84, NULL, 'biologie', '2021-06-10', 'admin', 1, 0, NULL, 0, 1, 1, 'N1_1', 'En cours', '0');

-- --------------------------------------------------------

--
-- Table structure for table `taction_reponse`
--

CREATE TABLE `taction_reponse` (
  `id` int(11) NOT NULL,
  `taction_id` int(11) DEFAULT NULL,
  `document_id` int(11) DEFAULT NULL,
  `ref_reponse` varchar(255) COLLATE utf8mb4_unicode_ci DEFAULT NULL,
  `intitule` varchar(255) COLLATE utf8mb4_unicode_ci DEFAULT NULL,
  `type_reponse` varchar(255) COLLATE utf8mb4_unicode_ci DEFAULT NULL,
  `date_creation` varchar(255) COLLATE utf8mb4_unicode_ci NOT NULL,
  `date_creationn` date DEFAULT NULL,
  `user_create` varchar(255) COLLATE utf8mb4_unicode_ci DEFAULT NULL,
  `observation` longtext COLLATE utf8mb4_unicode_ci DEFAULT NULL
) ENGINE=InnoDB DEFAULT CHARSET=utf8mb4 COLLATE=utf8mb4_unicode_ci;

--
-- Dumping data for table `taction_reponse`
--

INSERT INTO `taction_reponse` (`id`, `taction_id`, `document_id`, `ref_reponse`, `intitule`, `type_reponse`, `date_creation`, `date_creationn`, `user_create`, `observation`) VALUES
(32, 83, 334, NULL, '1', NULL, '2021/06/07', '2021-06-07', 'DJ', 'obs');

-- --------------------------------------------------------

--
-- Table structure for table `tdocument`
--

CREATE TABLE `tdocument` (
  `id` int(11) NOT NULL,
  `intitule` varchar(255) COLLATE utf8mb4_unicode_ci DEFAULT NULL,
  `type_document` varchar(255) COLLATE utf8mb4_unicode_ci DEFAULT NULL,
  `taille` varchar(255) COLLATE utf8mb4_unicode_ci DEFAULT NULL,
  `date_creation` date DEFAULT NULL,
  `user_create` varchar(255) COLLATE utf8mb4_unicode_ci DEFAULT NULL,
  `active` int(11) DEFAULT NULL,
  `cloturer` int(11) DEFAULT NULL,
  `slug` longtext COLLATE utf8mb4_unicode_ci DEFAULT NULL,
  `suspondu` varchar(255) COLLATE utf8mb4_unicode_ci DEFAULT NULL,
  `code_nv` varchar(255) COLLATE utf8mb4_unicode_ci DEFAULT NULL,
  `statut` varchar(255) COLLATE utf8mb4_unicode_ci DEFAULT NULL,
  `annuler` int(11) DEFAULT NULL,
  `avancement` varchar(255) COLLATE utf8mb4_unicode_ci DEFAULT NULL
) ENGINE=InnoDB DEFAULT CHARSET=utf8mb4 COLLATE=utf8mb4_unicode_ci;

--
-- Dumping data for table `tdocument`
--

INSERT INTO `tdocument` (`id`, `intitule`, `type_document`, `taille`, `date_creation`, `user_create`, `active`, `cloturer`, `slug`, `suspondu`, `code_nv`, `statut`, `annuler`, `avancement`) VALUES
(333, 'ETAT', 'docx', '38282', '2021-06-06', 'DJ', NULL, 0, '12ff82f248823b56d74734fe0906ffd8+back2.png', '0', 'N1_1', 'En cours', 0, '0%'),
(334, 'med', 'png', '146113', '2021-06-07', 'DJ', NULL, 0, '12ff82f248823b56d74734fe0906ffd8+back2.png', '1', 'N1_1', 'Créé', 0, '0%'),
(335, 'biologie', 'docx', 'undefined', '2021-06-08', 'admin', NULL, 0, 'a55f68758c98471769c90d1b082cdde3+ETAT_SUIVI.docx', '1', 'N1_1', 'En cours', 0, '0%'),
(336, 'image', 'png', 'undefined', '2021-06-09', 'admin', NULL, NULL, 'dd4a0390d77b4154ad4883ffd97bfacb+back2.png', '0', 'N2_1', 'Créé', NULL, '0%'),
(337, 'table', 'JPG', 'undefined', '2021-06-09', 'admin', NULL, 0, '71d96b7411087c43ad139229e4a03594+driss.JPG', '0', 'N2_1', 'En cours', 0, '0%'),
(338, 'image 2', 'png', '146113', '2021-06-09', 'admin', NULL, 0, '91b1f4aa3c8e37b83f054f441a3eb8fa+back2.png', '0', 'N1_1', 'En cours', 1, '25%'),
(339, '1234', 'png', '146113', '2021-06-11', 'admin', NULL, 0, 'b55c09a7117671330a3798b39f29a1bf+back2.png', '1', 'N1_1', 'En retarde', 0, '0%'),
(340, '1234', 'JPG', '36111', '2021-06-18', 'admin', NULL, NULL, 'f9fad1ed23b0c279963197623bb8f40d+fig1.JPG', '0', 'N1_1', 'Créé', NULL, '0%'),
(341, '1234', 'pdf', '13595798', '2021-06-18', 'admin', NULL, NULL, '3bd34809c45a9c6f42b3ca2e19b18587+343.pdf', '0', 'N1_1', 'Créé', NULL, '0%'),
(342, 'biologie', 'xlsx', '50611', '2021-06-18', 'admin', NULL, NULL, '7ab229f9fa5730d4c8a3624ab29e3ead+Base_de_donnée1.xlsx', '0', 'N1_1', 'Créé', NULL, '0%'),
(343, '12345', '77_1', '3434109', '2021-06-18', 'admin', NULL, NULL, '0ec0e9f88304d102af76976207d8bdba+HMK_VIR_104148.77_1.pdf', '0', 'N1_1', 'Créé', NULL, '0%'),
(344, '1234', '14', '11765069', '2021-06-18', 'admin', NULL, NULL, 'b72f3666240357ee08a9efb1c5169d2c+HMY_VIR_12825.14.pdf', '0', 'N1_1', 'Créé', NULL, '0%'),
(345, 'test image', 'pdf', '39904877', '2021-06-18', 'admin', NULL, NULL, '2054293801578bad48cc1d393067aae6+QCM_en_Pédiatrie_001.pdf', '0', 'N1_1', 'Créé', NULL, '0%'),
(346, 'test image', 'pdf', '22274', '2021-06-18', 'admin', NULL, NULL, '260c96a0cccefad0fb9136e85e9ee038+index.pdf', '0', 'N1_1', 'Créé', NULL, '0%'),
(347, '12345', 'pdf', '22274', '2021-06-18', 'admin', NULL, NULL, '231a943ba18e98e1c51f132950826123+index.pdf', '0', 'N1_1', 'Créé', NULL, '0%'),
(348, '1234', 'pdf', '22274', '2021-06-18', 'admin', NULL, NULL, '231a943ba18e98e1c51f132950826123+index.pdf', '0', 'N1_1', 'Créé', NULL, '0%'),
(349, '1234', 'pdf', '22274', '2021-06-18', 'admin', NULL, NULL, '40e0a8b30e1c81e49e872263b479cb50+index.pdf', '0', 'N1_1', 'Créé', NULL, '0%'),
(350, 'biologie', NULL, 'undefined', '2021-06-18', 'admin', NULL, 1, NULL, '0', 'N1_1', 'Créé', 0, '0%'),
(351, 'tzst', NULL, 'undefined', '2021-06-18', 'admin', NULL, NULL, NULL, '0', 'N1_1', 'Créé', NULL, '0%');

-- --------------------------------------------------------

--
-- Table structure for table `tdocument_version`
--

CREATE TABLE `tdocument_version` (
  `id` int(11) NOT NULL,
  `document_id` int(11) DEFAULT NULL,
  `intitule` varchar(255) COLLATE utf8mb4_unicode_ci DEFAULT NULL,
  `type_document` varchar(255) COLLATE utf8mb4_unicode_ci DEFAULT NULL,
  `taille` varchar(255) COLLATE utf8mb4_unicode_ci DEFAULT NULL,
  `observation` longtext COLLATE utf8mb4_unicode_ci DEFAULT NULL,
  `date_creation` date DEFAULT NULL,
  `user_create` varchar(255) COLLATE utf8mb4_unicode_ci DEFAULT NULL,
  `slug` longtext COLLATE utf8mb4_unicode_ci DEFAULT NULL
) ENGINE=InnoDB DEFAULT CHARSET=utf8mb4 COLLATE=utf8mb4_unicode_ci;

--
-- Dumping data for table `tdocument_version`
--

INSERT INTO `tdocument_version` (`id`, `document_id`, `intitule`, `type_document`, `taille`, `observation`, `date_creation`, `user_create`, `slug`) VALUES
(44, 333, 'biologie 1', 'jpg', '12719', 'OBS', '2021-06-06', 'DJ', 'f20b6e58f770dd3824937cef7e2915a2+silver.jpg'),
(45, 337, 'image', 'png', 'undefined', 'obs', '2021-06-09', 'admin', 'aa161277ea3e79314101fda686a3625b+back2.png');

-- --------------------------------------------------------

--
-- Table structure for table `type_action`
--

CREATE TABLE `type_action` (
  `id` int(11) NOT NULL,
  `type` varchar(255) COLLATE utf8mb4_unicode_ci DEFAULT NULL
) ENGINE=InnoDB DEFAULT CHARSET=utf8mb4 COLLATE=utf8mb4_unicode_ci;

--
-- Dumping data for table `type_action`
--

INSERT INTO `type_action` (`id`, `type`) VALUES
(1, 'Pour action'),
(2, 'Pour information');

-- --------------------------------------------------------

--
-- Table structure for table `urgence`
--

CREATE TABLE `urgence` (
  `id` int(11) NOT NULL,
  `type` varchar(255) COLLATE utf8mb4_unicode_ci DEFAULT NULL
) ENGINE=InnoDB DEFAULT CHARSET=utf8mb4 COLLATE=utf8mb4_unicode_ci;

--
-- Dumping data for table `urgence`
--

INSERT INTO `urgence` (`id`, `type`) VALUES
(1, 'Standart'),
(2, 'Urgente '),
(3, 'Trés urgente'),
(4, 'Extrêmement urgent');

-- --------------------------------------------------------

--
-- Table structure for table `user`
--

CREATE TABLE `user` (
  `id` int(11) NOT NULL,
  `username` varchar(180) COLLATE utf8mb4_unicode_ci NOT NULL,
  `roles` longtext COLLATE utf8mb4_unicode_ci NOT NULL COMMENT '(DC2Type:json)',
  `password` varchar(255) COLLATE utf8mb4_unicode_ci NOT NULL,
  `site` varchar(255) COLLATE utf8mb4_unicode_ci DEFAULT NULL
) ENGINE=InnoDB DEFAULT CHARSET=utf8mb4 COLLATE=utf8mb4_unicode_ci;

--
-- Dumping data for table `user`
--

INSERT INTO `user` (`id`, `username`, `roles`, `password`, `site`) VALUES
(1, 'DRH', '[\"ROLE_ADMIN\"]', '$argon2id$v=19$m=65536,t=4,p=1$REoxWk1SREpwdDI1cjNCVA$aDZdmGwvayCxrgryWOto+kwaA0rAlVzELC1+yQa6ZEQ', 'DEPARTEMENT DES RESSOURCES HUMAINES'),
(2, 'DJ', '[\"ROLE_ADMIN\"]', '$argon2id$v=19$m=65536,t=4,p=1$REoxWk1SREpwdDI1cjNCVA$aDZdmGwvayCxrgryWOto+kwaA0rAlVzELC1+yQa6ZEQ', 'DEPARTEMENT JURIDIQUE'),
(3, 'DRP', '[\"ROLE_ADMIN\"]', '$argon2id$v=19$m=65536,t=4,p=1$REoxWk1SREpwdDI1cjNCVA$aDZdmGwvayCxrgryWOto+kwaA0rAlVzELC1+yQa6ZEQ', 'DEPARTEMENT RELATIONS PUBLIQUES'),
(4, 'DSSSE', '[\"ROLE_ADMIN\"]', '$argon2id$v=19$m=65536,t=4,p=1$REoxWk1SREpwdDI1cjNCVA$aDZdmGwvayCxrgryWOto+kwaA0rAlVzELC1+yQa6ZEQ', 'DEPARTEMENT SOCIAL - SERVICE SOCIAL POUR LES EXTERNES'),
(5, 'DSSSEBBPM', '[\"ROLE_ADMIN\"]', '$argon2id$v=19$m=65536,t=4,p=1$REoxWk1SREpwdDI1cjNCVA$aDZdmGwvayCxrgryWOto+kwaA0rAlVzELC1+yQa6ZEQ', 'DEPARTEMENT SOCIAL - SERVICE SOCIAL POUR LES EXTERNES : BUREAU DES PEC MEDICAL'),
(6, 'DSSSEBASF', '[\"ROLE_ADMIN\"]', '$argon2id$v=19$m=65536,t=4,p=1$REoxWk1SREpwdDI1cjNCVA$aDZdmGwvayCxrgryWOto+kwaA0rAlVzELC1+yQa6ZEQ', 'DEPARTEMENT SOCIAL - SERVICE SOCIAL POUR LES EXTERNES : BUREAU DES BOURCES ET PEC FORMATION'),
(7, 'DSSSEBASD', '[\"ROLE_ADMIN\"]', '$argon2id$v=19$m=65536,t=4,p=1$REoxWk1SREpwdDI1cjNCVA$aDZdmGwvayCxrgryWOto+kwaA0rAlVzELC1+yQa6ZEQ', 'DEPARTEMENT SOCIAL - SERVICE SOCIAL POUR LES EXTERNES : BUREAU DES ACTIONS SOCIALES DIVERS'),
(8, 'DSSSPPAD', '[\"ROLE_ADMIN\"]', '$argon2id$v=19$m=65536,t=4,p=1$REoxWk1SREpwdDI1cjNCVA$aDZdmGwvayCxrgryWOto+kwaA0rAlVzELC1+yQa6ZEQ', 'DEPARTEMENT SOCIAL - SERVICE SOCIAL AU PROFIT PERSONNEL ET AYANTS DROIT'),
(9, 'DSSSPPADBEM', '[\"ROLE_ADMIN\"]', '$argon2id$v=19$m=65536,t=4,p=1$REoxWk1SREpwdDI1cjNCVA$aDZdmGwvayCxrgryWOto+kwaA0rAlVzELC1+yQa6ZEQ', 'DEPARTEMENT SOCIAL - SERVICE SOCIAL AU PROFIT PERSONNEL ET AYANTS DROIT : BUREAU DES PEC MEDICAL'),
(10, 'DSSSPPADBEF', '[\"ROLE_ADMIN\"]', '$argon2id$v=19$m=65536,t=4,p=1$REoxWk1SREpwdDI1cjNCVA$aDZdmGwvayCxrgryWOto+kwaA0rAlVzELC1+yQa6ZEQ', 'DEPARTEMENT SOCIAL - SERVICE SOCIAL AU PROFIT PERSONNEL ET AYANTS DROIT : BUREAU DES BOURCES ET PEC FORMATION'),
(11, 'DSSSPPADBASD', '[\"ROLE_ADMIN\"]', '$argon2id$v=19$m=65536,t=4,p=1$REoxWk1SREpwdDI1cjNCVA$aDZdmGwvayCxrgryWOto+kwaA0rAlVzELC1+yQa6ZEQ', 'DEPARTEMENT SOCIAL - SERVICE SOCIAL AU PROFIT PERSONNEL ET AYANTS DROIT : BUREAU DES ACTIONS SOCIALES DIVERS'),
(12, 'CSMSMR', '[\"ROLE_ADMIN\"]', '$argon2id$v=19$m=65536,t=4,p=1$REoxWk1SREpwdDI1cjNCVA$aDZdmGwvayCxrgryWOto+kwaA0rAlVzELC1+yQa6ZEQ', 'CENTRE SOCIAL MOBILE DES SOINS MEDICAUX RABAT'),
(13, 'MOSFCZA', '[\"ROLE_ADMIN\"]', '$argon2id$v=19$m=65536,t=4,p=1$REoxWk1SREpwdDI1cjNCVA$aDZdmGwvayCxrgryWOto+kwaA0rAlVzELC1+yQa6ZEQ', 'LA MAROCAINE DES ŒUVRES SOCIALES/FCZ (ASSOCIATION)'),
(14, 'HUICZR', '[\"ROLE_ADMIN\"]', '$argon2id$v=19$m=65536,t=4,p=1$REoxWk1SREpwdDI1cjNCVA$aDZdmGwvayCxrgryWOto+kwaA0rAlVzELC1+yQa6ZEQ', 'HOPITAL UNIVERSITAIRE INTERNATIONNAL CHEIKH ZAID RABAT'),
(15, 'CIMRI', '[\"ROLE_ADMIN\"]', '$argon2id$v=19$m=65536,t=4,p=1$REoxWk1SREpwdDI1cjNCVA$aDZdmGwvayCxrgryWOto+kwaA0rAlVzELC1+yQa6ZEQ', 'CENTRE D\'IMAGERIE MADICALE ET RADIOLOGIE INTERVENTIONNELLE'),
(16, 'CBMAA', '[\"ROLE_ADMIN\"]', '$argon2id$v=19$m=65536,t=4,p=1$REoxWk1SREpwdDI1cjNCVA$aDZdmGwvayCxrgryWOto+kwaA0rAlVzELC1+yQa6ZEQ', 'CENTRE DE BIOLOGIE MEDICALE ET ANATOMOPATHOLOGIE'),
(17, 'CEGED', '[\"ROLE_ADMIN\"]', '$argon2id$v=19$m=65536,t=4,p=1$REoxWk1SREpwdDI1cjNCVA$aDZdmGwvayCxrgryWOto+kwaA0rAlVzELC1+yQa6ZEQ', 'CENTRE ENDOCRINO-GASTROLOGIE ET EXPLORATIONS DIGESTIVES'),
(18, 'CPMI', '[\"ROLE_ADMIN\"]', '$argon2id$v=19$m=65536,t=4,p=1$REoxWk1SREpwdDI1cjNCVA$aDZdmGwvayCxrgryWOto+kwaA0rAlVzELC1+yQa6ZEQ', 'CENTRE DE PNEUMOLOGIE ET MEDECINE INTERNE'),
(19, 'CHHAE', '[\"ROLE_ADMIN\"]', '$argon2id$v=19$m=65536,t=4,p=1$REoxWk1SREpwdDI1cjNCVA$aDZdmGwvayCxrgryWOto+kwaA0rAlVzELC1+yQa6ZEQ', 'CENTRE D\'HEMATOLOGIE ADULTE ET ENFANT'),
(20, 'CORMN', '[\"ROLE_ADMIN\"]', '$argon2id$v=19$m=65536,t=4,p=1$REoxWk1SREpwdDI1cjNCVA$aDZdmGwvayCxrgryWOto+kwaA0rAlVzELC1+yQa6ZEQ', 'CENTRE D\'ONCOLOGIE, RADIOTHERAPIE ET MEDECINE NUCLEAIRE'),
(21, 'CNNRV', '[\"ROLE_ADMIN\"]', '$argon2id$v=19$m=65536,t=4,p=1$REoxWk1SREpwdDI1cjNCVA$aDZdmGwvayCxrgryWOto+kwaA0rAlVzELC1+yQa6ZEQ', 'CENTRE DE NEUROCHIR-NEUROLOGIE ET RADIOLOGIE VASCULAIRE'),
(22, 'CNU', '[\"ROLE_ADMIN\"]', '$argon2id$v=19$m=65536,t=4,p=1$REoxWk1SREpwdDI1cjNCVA$aDZdmGwvayCxrgryWOto+kwaA0rAlVzELC1+yQa6ZEQ', 'CENTRE DE NEPHROLOGIE-UROLOGIE'),
(23, 'CTRR', '[\"ROLE_ADMIN\"]', '$argon2id$v=19$m=65536,t=4,p=1$REoxWk1SREpwdDI1cjNCVA$aDZdmGwvayCxrgryWOto+kwaA0rAlVzELC1+yQa6ZEQ', 'CENTRE DE TRAUMATOLOGIE ET RHUMATO ET READAPTATION'),
(24, 'CCGOTV', '[\"ROLE_ADMIN\"]', '$argon2id$v=19$m=65536,t=4,p=1$REoxWk1SREpwdDI1cjNCVA$aDZdmGwvayCxrgryWOto+kwaA0rAlVzELC1+yQa6ZEQ', 'CENTRE DE CHIRURGIE GENERALE- ORL-THORA-VASC'),
(25, 'CO', '[\"ROLE_ADMIN\"]', '$argon2id$v=19$m=65536,t=4,p=1$REoxWk1SREpwdDI1cjNCVA$aDZdmGwvayCxrgryWOto+kwaA0rAlVzELC1+yQa6ZEQ', 'CENTRE D\'OPHTALMOLOGIE'),
(26, 'CCMCA', '[\"ROLE_ADMIN\"]', '$argon2id$v=19$m=65536,t=4,p=1$REoxWk1SREpwdDI1cjNCVA$aDZdmGwvayCxrgryWOto+kwaA0rAlVzELC1+yQa6ZEQ', 'CENTRE CARDIOLOGIE MEDICO-CHIRURGICALE ADULTE'),
(27, 'CCMCE', '[\"ROLE_ADMIN\"]', '$argon2id$v=19$m=65536,t=4,p=1$REoxWk1SREpwdDI1cjNCVA$aDZdmGwvayCxrgryWOto+kwaA0rAlVzELC1+yQa6ZEQ', 'CENTRE CARDIOLOGIE MEDICO-CHIRURGICALE ENFANT'),
(28, 'CGO', '[\"ROLE_ADMIN\"]', '$argon2id$v=19$m=65536,t=4,p=1$REoxWk1SREpwdDI1cjNCVA$aDZdmGwvayCxrgryWOto+kwaA0rAlVzELC1+yQa6ZEQ', 'CENTRE DE GYNECOLOGIE-OBSTETRIQUE'),
(29, 'CPMA', '[\"ROLE_ADMIN\"]', '$argon2id$v=19$m=65536,t=4,p=1$REoxWk1SREpwdDI1cjNCVA$aDZdmGwvayCxrgryWOto+kwaA0rAlVzELC1+yQa6ZEQ', 'CENTRE DE PROCREATION MEDICALE ASSISTEE'),
(30, 'CP', '[\"ROLE_ADMIN\"]', '$argon2id$v=19$m=65536,t=4,p=1$REoxWk1SREpwdDI1cjNCVA$aDZdmGwvayCxrgryWOto+kwaA0rAlVzELC1+yQa6ZEQ', 'CENTRE DE PEDIATRIE'),
(31, 'CUBO', '[\"ROLE_ADMIN\"]', '$argon2id$v=19$m=65536,t=4,p=1$REoxWk1SREpwdDI1cjNCVA$aDZdmGwvayCxrgryWOto+kwaA0rAlVzELC1+yQa6ZEQ', 'CENTRE D\'URGENTOLOGIE ET BLOCS OPERATOIRES'),
(32, 'CSIRMC', '[\"ROLE_ADMIN\"]', '$argon2id$v=19$m=65536,t=4,p=1$REoxWk1SREpwdDI1cjNCVA$aDZdmGwvayCxrgryWOto+kwaA0rAlVzELC1+yQa6ZEQ', 'CENTRE SOINS INTENSIFS-REANIMATION MEDICALE ET CHIRURGICALE'),
(33, 'CKBE', '[\"ROLE_ADMIN\"]', '$argon2id$v=19$m=65536,t=4,p=1$REoxWk1SREpwdDI1cjNCVA$aDZdmGwvayCxrgryWOto+kwaA0rAlVzELC1+yQa6ZEQ', 'CENTRE DE KINESITHERAPIE ET BIEN ETRE'),
(34, 'CG', '[\"ROLE_ADMIN\"]', '$argon2id$v=19$m=65536,t=4,p=1$REoxWk1SREpwdDI1cjNCVA$aDZdmGwvayCxrgryWOto+kwaA0rAlVzELC1+yQa6ZEQ', 'CENTRE DE GERIATRIE'),
(35, 'CGU', '[\"ROLE_ADMIN\"]', '$argon2id$v=19$m=65536,t=4,p=1$REoxWk1SREpwdDI1cjNCVA$aDZdmGwvayCxrgryWOto+kwaA0rAlVzELC1+yQa6ZEQ', 'CENTRE DE CHECK-UP'),
(36, 'CSRDCZR', '[\"ROLE_ADMIN\"]', '$argon2id$v=19$m=65536,t=4,p=1$REoxWk1SREpwdDI1cjNCVA$aDZdmGwvayCxrgryWOto+kwaA0rAlVzELC1+yQa6ZEQ', 'CENTRE DE SOINS ET DE RECHERCHES DENTAIRES CHEIKH ZAID RABAT'),
(37, 'LPDFCZ', '[\"ROLE_ADMIN\"]', '$argon2id$v=19$m=65536,t=4,p=1$REoxWk1SREpwdDI1cjNCVA$aDZdmGwvayCxrgryWOto+kwaA0rAlVzELC1+yQa6ZEQ', 'LABORATOIRE DE PROTHESES DENTAIRES FCZ'),
(38, 'AAHZC', '[\"ROLE_ADMIN\"]', '$argon2id$v=19$m=65536,t=4,p=1$REoxWk1SREpwdDI1cjNCVA$aDZdmGwvayCxrgryWOto+kwaA0rAlVzELC1+yQa6ZEQ', 'ASSISTANCE ALLO HOPITAL ZONE CENTRALE'),
(39, 'LMR', '[\"ROLE_ADMIN\"]', '$argon2id$v=19$m=65536,t=4,p=1$REoxWk1SREpwdDI1cjNCVA$aDZdmGwvayCxrgryWOto+kwaA0rAlVzELC1+yQa6ZEQ', 'LABORATOIRE DU MAGHREB RABAT'),
(40, 'CMB', '[\"ROLE_ADMIN\"]', '$argon2id$v=19$m=65536,t=4,p=1$REoxWk1SREpwdDI1cjNCVA$aDZdmGwvayCxrgryWOto+kwaA0rAlVzELC1+yQa6ZEQ', 'COMPLEXE MEDICAL BOUZNIKA'),
(41, 'FCEC19', '[\"ROLE_ADMIN\"]', '$argon2id$v=19$m=65536,t=4,p=1$REoxWk1SREpwdDI1cjNCVA$aDZdmGwvayCxrgryWOto+kwaA0rAlVzELC1+yQa6ZEQ', 'FONDATION CHEIKH ZAID COVID-19'),
(42, 'HPPRHT', '[\"ROLE_ADMIN\"]', '$argon2id$v=19$m=65536,t=4,p=1$REoxWk1SREpwdDI1cjNCVA$aDZdmGwvayCxrgryWOto+kwaA0rAlVzELC1+yQa6ZEQ', 'HOPITAUX PUBLICS PARTENAIRES RABAT - HOPITAL TIFELET'),
(43, 'HPPRCBB', '[\"ROLE_ADMIN\"]', '$argon2id$v=19$m=65536,t=4,p=1$REoxWk1SREpwdDI1cjNCVA$aDZdmGwvayCxrgryWOto+kwaA0rAlVzELC1+yQa6ZEQ', 'HOPITAUX PUBLICS PARTENAIRES RABAT - CENTRE BAB EL BOUIBA'),
(44, 'HPPRDA', '[\"ROLE_ADMIN\"]', '$argon2id$v=19$m=65536,t=4,p=1$REoxWk1SREpwdDI1cjNCVA$aDZdmGwvayCxrgryWOto+kwaA0rAlVzELC1+yQa6ZEQ', 'HOPITAUX PUBLICS PARTENAIRES RABAT - DISPENSAIRE AL AMAL'),
(45, 'HPPRDM', '[\"ROLE_ADMIN\"]', '$argon2id$v=19$m=65536,t=4,p=1$REoxWk1SREpwdDI1cjNCVA$aDZdmGwvayCxrgryWOto+kwaA0rAlVzELC1+yQa6ZEQ', 'HOPITAUX PUBLICS PARTENAIRES RABAT - DISPENSAIRE EL MELK'),
(46, 'HPPRCA', '[\"ROLE_ADMIN\"]', '$argon2id$v=19$m=65536,t=4,p=1$REoxWk1SREpwdDI1cjNCVA$aDZdmGwvayCxrgryWOto+kwaA0rAlVzELC1+yQa6ZEQ', 'HOPITAUX PUBLICS PARTENAIRES RABAT - DISPENSAIRE ANOUAR'),
(47, 'HPPRCDAA', '[\"ROLE_ADMIN\"]', '$argon2id$v=19$m=65536,t=4,p=1$REoxWk1SREpwdDI1cjNCVA$aDZdmGwvayCxrgryWOto+kwaA0rAlVzELC1+yQa6ZEQ', 'HOPITAUX PUBLICS PARTENAIRES RABAT - CENTRE DENTAIRE AIN ATIQ'),
(48, 'HMB', '[\"ROLE_ADMIN\"]', '$argon2id$v=19$m=65536,t=4,p=1$REoxWk1SREpwdDI1cjNCVA$aDZdmGwvayCxrgryWOto+kwaA0rAlVzELC1+yQa6ZEQ', 'HOPITAL MULTIDISCIPLINAIRE BENGUERIR'),
(49, 'HMK', '[\"ROLE_ADMIN\"]', '$argon2id$v=19$m=65536,t=4,p=1$REoxWk1SREpwdDI1cjNCVA$aDZdmGwvayCxrgryWOto+kwaA0rAlVzELC1+yQa6ZEQ', 'HOPITAL MULTIDISCIPLINAIRE KHOURIBGA'),
(50, 'HMKI', '[\"ROLE_ADMIN\"]', '$argon2id$v=19$m=65536,t=4,p=1$REoxWk1SREpwdDI1cjNCVA$aDZdmGwvayCxrgryWOto+kwaA0rAlVzELC1+yQa6ZEQ', 'HOPITAL MULTIDISCIPLINAIRE KHOURIBGA_INV'),
(51, 'HMY', '[\"ROLE_ADMIN\"]', '$argon2id$v=19$m=65536,t=4,p=1$REoxWk1SREpwdDI1cjNCVA$aDZdmGwvayCxrgryWOto+kwaA0rAlVzELC1+yQa6ZEQ', 'HOPITAL MULTIDISCIPLINAIRE YOUSSOUFIA'),
(52, 'HMYI', '[\"ROLE_ADMIN\"]', '$argon2id$v=19$m=65536,t=4,p=1$REoxWk1SREpwdDI1cjNCVA$aDZdmGwvayCxrgryWOto+kwaA0rAlVzELC1+yQa6ZEQ', 'HOPITAL MULTIDISCIPLINAIRE YOUSSOUFIA_INV'),
(53, 'HMSI', '[\"ROLE_ADMIN\"]', '$argon2id$v=19$m=65536,t=4,p=1$REoxWk1SREpwdDI1cjNCVA$aDZdmGwvayCxrgryWOto+kwaA0rAlVzELC1+yQa6ZEQ', 'HOPITAL MULTIDISCIPLINAIRE SAFI INV'),
(54, 'AAHZS', '[\"ROLE_ADMIN\"]', '$argon2id$v=19$m=65536,t=4,p=1$REoxWk1SREpwdDI1cjNCVA$aDZdmGwvayCxrgryWOto+kwaA0rAlVzELC1+yQa6ZEQ', 'ASSISTANCE ALLO HOPITAL ZONE SUD'),
(55, 'HMT', '[\"ROLE_ADMIN\"]', '$argon2id$v=19$m=65536,t=4,p=1$REoxWk1SREpwdDI1cjNCVA$aDZdmGwvayCxrgryWOto+kwaA0rAlVzELC1+yQa6ZEQ', 'HOPITAL UNIVERSITAIRE TANGER'),
(56, 'CSRDT', '[\"ROLE_ADMIN\"]', '$argon2id$v=19$m=65536,t=4,p=1$REoxWk1SREpwdDI1cjNCVA$aDZdmGwvayCxrgryWOto+kwaA0rAlVzELC1+yQa6ZEQ', 'CENTRE DE SOINS ET DE RECHERCHES DENTAIRES TANGER'),
(57, 'AAHZN', '[\"ROLE_ADMIN\"]', '$argon2id$v=19$m=65536,t=4,p=1$REoxWk1SREpwdDI1cjNCVA$aDZdmGwvayCxrgryWOto+kwaA0rAlVzELC1+yQa6ZEQ', 'ASSISTANCE ALLO HOPITAL ZONE NORD'),
(58, 'UIASSR', '[\"ROLE_ADMIN\"]', '$argon2id$v=19$m=65536,t=4,p=1$REoxWk1SREpwdDI1cjNCVA$aDZdmGwvayCxrgryWOto+kwaA0rAlVzELC1+yQa6ZEQ', 'UNIVERSITE INTERNATIONALE ABULCASIS DES SCIENCES DE LA SANTE RABAT'),
(59, 'EASSR', '[\"ROLE_ADMIN\"]', '$argon2id$v=19$m=65536,t=4,p=1$REoxWk1SREpwdDI1cjNCVA$aDZdmGwvayCxrgryWOto+kwaA0rAlVzELC1+yQa6ZEQ', 'ECOLE AFRICAINE DES SCIENCES DE LA SANTE RABAT'),
(60, 'CRR', '[\"ROLE_ADMIN\"]', '$argon2id$v=19$m=65536,t=4,p=1$REoxWk1SREpwdDI1cjNCVA$aDZdmGwvayCxrgryWOto+kwaA0rAlVzELC1+yQa6ZEQ', 'CENTRE RESIDANAT RABAT'),
(61, 'CSR', '[\"ROLE_ADMIN\"]', '$argon2id$v=19$m=65536,t=4,p=1$REoxWk1SREpwdDI1cjNCVA$aDZdmGwvayCxrgryWOto+kwaA0rAlVzELC1+yQa6ZEQ', 'CENTRE SIMULATION RABAT'),
(62, 'CFCAR', '[\"ROLE_ADMIN\"]', '$argon2id$v=19$m=65536,t=4,p=1$REoxWk1SREpwdDI1cjNCVA$aDZdmGwvayCxrgryWOto+kwaA0rAlVzELC1+yQa6ZEQ', 'CENTRE DE FORMATION CONTINUE ABULCASIS RABAT'),
(63, 'LEZA', '[\"ROLE_ADMIN\"]', '$argon2id$v=19$m=65536,t=4,p=1$REoxWk1SREpwdDI1cjNCVA$aDZdmGwvayCxrgryWOto+kwaA0rAlVzELC1+yQa6ZEQ', 'LYCEE D\'EXCELLENCE ZAHRAWI - ABULCASIS'),
(64, 'LACP', '[\"ROLE_ADMIN\"]', '$argon2id$v=19$m=65536,t=4,p=1$REoxWk1SREpwdDI1cjNCVA$aDZdmGwvayCxrgryWOto+kwaA0rAlVzELC1+yQa6ZEQ', 'LYCEE ABULCASIS DES CLASSES PREPARATOIRES'),
(65, 'IFCPR', '[\"ROLE_ADMIN\"]', '$argon2id$v=19$m=65536,t=4,p=1$REoxWk1SREpwdDI1cjNCVA$aDZdmGwvayCxrgryWOto+kwaA0rAlVzELC1+yQa6ZEQ', 'INSTITUT DE FORMATION AUX CARIERES PARAMEDICALES RABAT'),
(67, 'CBR', '[\"ROLE_ADMIN\"]', '$argon2id$v=19$m=65536,t=4,p=1$REoxWk1SREpwdDI1cjNCVA$aDZdmGwvayCxrgryWOto+kwaA0rAlVzELC1+yQa6ZEQ', 'CENTRE DE BIOEQUIVALENCE RABAT'),
(68, 'ECFCZR', '[\"ROLE_ADMIN\"]', '$argon2id$v=19$m=65536,t=4,p=1$REoxWk1SREpwdDI1cjNCVA$aDZdmGwvayCxrgryWOto+kwaA0rAlVzELC1+yQa6ZEQ', 'ECOLE DOCTORALE FCZ RABAT'),
(69, 'EPIPFCZ', '[\"ROLE_ADMIN\"]', '$argon2id$v=19$m=65536,t=4,p=1$REoxWk1SREpwdDI1cjNCVA$aDZdmGwvayCxrgryWOto+kwaA0rAlVzELC1+yQa6ZEQ', 'EPI PHARMACEUTIQUE FCZ'),
(70, 'MMAMRGR', '[\"ROLE_ADMIN\"]', '$argon2id$v=19$m=65536,t=4,p=1$REoxWk1SREpwdDI1cjNCVA$aDZdmGwvayCxrgryWOto+kwaA0rAlVzELC1+yQa6ZEQ', 'LA MAROCAINE DU MEDICAMENT : AFRIC-MED REPARTITEUR GROSSISTE RABAT'),
(71, 'MMOPFCZZCOR', '[\"ROLE_ADMIN\"]', '$argon2id$v=19$m=65536,t=4,p=1$REoxWk1SREpwdDI1cjNCVA$aDZdmGwvayCxrgryWOto+kwaA0rAlVzELC1+yQa6ZEQ', 'LA MAROCAINE DU MEDICAMENT : OFFICINES ET PARAPHARMACIES FCZ ZONE CENTRALE - OFFICINES ET PARAPHARMACIES FCZ ZONE CENTRALE : OFFICINE RABAT'),
(72, 'MMOPFCZZCPR', '[\"ROLE_ADMIN\"]', '$argon2id$v=19$m=65536,t=4,p=1$REoxWk1SREpwdDI1cjNCVA$aDZdmGwvayCxrgryWOto+kwaA0rAlVzELC1+yQa6ZEQ', 'LA MAROCAINE DU MEDICAMENT : OFFICINES ET PARAPHARMACIES FCZ ZONE CENTRALE - OFFICINES ET PARAPHARMACIES FCZ ZONE CENTRALE : PARAPHARMACIE RABAT'),
(73, 'MMOPFCZZCDR', '[\"ROLE_ADMIN\"]', '$argon2id$v=19$m=65536,t=4,p=1$REoxWk1SREpwdDI1cjNCVA$aDZdmGwvayCxrgryWOto+kwaA0rAlVzELC1+yQa6ZEQ', 'LA MAROCAINE DU MEDICAMENT : OFFICINES ET PARAPHARMACIES FCZ ZONE CENTRALE - OFFICINES ET PARAPHARMACIES FCZ ZONE CENTRALE : DISPOSITIF RABAT'),
(74, 'MMOPFCZZN', '[\"ROLE_ADMIN\"]', '$argon2id$v=19$m=65536,t=4,p=1$REoxWk1SREpwdDI1cjNCVA$aDZdmGwvayCxrgryWOto+kwaA0rAlVzELC1+yQa6ZEQ', 'LA MAROCAINE DU MEDICAMENT : OFFICINES ET PARAPHARMACIES FCZ ZONE NORD'),
(75, 'MMOPFCZZS', '[\"ROLE_ADMIN\"]', '$argon2id$v=19$m=65536,t=4,p=1$REoxWk1SREpwdDI1cjNCVA$aDZdmGwvayCxrgryWOto+kwaA0rAlVzELC1+yQa6ZEQ', 'LA MAROCAINE DU MEDICAMENT : OFFICINES ET PARAPHARMACIES FCZ ZONE SUD'),
(76, 'MRCURR', '[\"ROLE_ADMIN\"]', '$argon2id$v=19$m=65536,t=4,p=1$REoxWk1SREpwdDI1cjNCVA$aDZdmGwvayCxrgryWOto+kwaA0rAlVzELC1+yQa6ZEQ', 'LA MAROCAINE DE LA RESTAURATION : L\'CASIS UNIVERSITY RESTAURANT RABAT'),
(77, 'MRCHRK', '[\"ROLE_ADMIN\"]', '$argon2id$v=19$m=65536,t=4,p=1$REoxWk1SREpwdDI1cjNCVA$aDZdmGwvayCxrgryWOto+kwaA0rAlVzELC1+yQa6ZEQ', 'LA MAROCAINE DE LA RESTAURATION : L\'CASIS HOSPITAL RESTAURANT KHOURIBGUA'),
(78, 'MRCHRY', '[\"ROLE_ADMIN\"]', '$argon2id$v=19$m=65536,t=4,p=1$REoxWk1SREpwdDI1cjNCVA$aDZdmGwvayCxrgryWOto+kwaA0rAlVzELC1+yQa6ZEQ', 'LA MAROCAINE DE LA RESTAURATION : L\'CASIS HOSPITAL RESTAURANT YOUSSOUFIA'),
(79, 'MRCHRR', '[\"ROLE_ADMIN\"]', '$argon2id$v=19$m=65536,t=4,p=1$REoxWk1SREpwdDI1cjNCVA$aDZdmGwvayCxrgryWOto+kwaA0rAlVzELC1+yQa6ZEQ', 'LA MAROCAINE DE LA RESTAURATION : L\'CASIS HOSPITAL RESTAURANT RABAT'),
(80, 'MRCC', '[\"ROLE_ADMIN\"]', '$argon2id$v=19$m=65536,t=4,p=1$REoxWk1SREpwdDI1cjNCVA$aDZdmGwvayCxrgryWOto+kwaA0rAlVzELC1+yQa6ZEQ', 'LA MAROCAINE DE LA RESTAURATION : L\'CASIS CONDITIONNEMENT'),
(81, 'MRCRERCRERC', '[\"ROLE_ADMIN\"]', '$argon2id$v=19$m=65536,t=4,p=1$REoxWk1SREpwdDI1cjNCVA$aDZdmGwvayCxrgryWOto+kwaA0rAlVzELC1+yQa6ZEQ', 'LA MAROCAINE DE LA RESTAURATION : L’CASIS RESTAURATION EXTERNE RABAT - L’CASIS RESTAURATION EXTERNE RABAT - CAFE'),
(82, 'MRCRERCRERFF', '[\"ROLE_ADMIN\"]', '$argon2id$v=19$m=65536,t=4,p=1$REoxWk1SREpwdDI1cjNCVA$aDZdmGwvayCxrgryWOto+kwaA0rAlVzELC1+yQa6ZEQ', 'LA MAROCAINE DE LA RESTAURATION : L’CASIS RESTAURATION EXTERNE RABAT - L’CASIS RESTAURATION EXTERNE RABAT - FAST FOOD'),
(83, 'MRCRERCRERF', '[\"ROLE_ADMIN\"]', '$argon2id$v=19$m=65536,t=4,p=1$REoxWk1SREpwdDI1cjNCVA$aDZdmGwvayCxrgryWOto+kwaA0rAlVzELC1+yQa6ZEQ', 'LA MAROCAINE DE LA RESTAURATION : L’CASIS RESTAURATION EXTERNE RABAT - L’CASIS RESTAURATION EXTERNE RABAT - RESTAURANT'),
(84, 'MRCRERCRERD', '[\"ROLE_ADMIN\"]', '$argon2id$v=19$m=65536,t=4,p=1$REoxWk1SREpwdDI1cjNCVA$aDZdmGwvayCxrgryWOto+kwaA0rAlVzELC1+yQa6ZEQ', 'LA MAROCAINE DE LA RESTAURATION : L’CASIS RESTAURATION EXTERNE RABAT - L’CASIS RESTAURATION EXTERNE RABAT - DISTRIBUTEUR'),
(85, 'MRCRERCRERBE', '[\"ROLE_ADMIN\"]', '$argon2id$v=19$m=65536,t=4,p=1$REoxWk1SREpwdDI1cjNCVA$aDZdmGwvayCxrgryWOto+kwaA0rAlVzELC1+yQa6ZEQ', 'LA MAROCAINE DE LA RESTAURATION : L’CASIS RESTAURATION EXTERNE RABAT - L’CASIS RESTAURATION EXTERNE RABAT - BAR ETUDIANT'),
(86, 'MHURC1', '[\"ROLE_ADMIN\"]', '$argon2id$v=19$m=65536,t=4,p=1$REoxWk1SREpwdDI1cjNCVA$aDZdmGwvayCxrgryWOto+kwaA0rAlVzELC1+yQa6ZEQ', 'LA MAROCAINE D\'HEBERGEMENT UNIVERSITAIRE RABAT : CENTRE 01'),
(87, 'MHURC2', '[\"ROLE_ADMIN\"]', '$argon2id$v=19$m=65536,t=4,p=1$REoxWk1SREpwdDI1cjNCVA$aDZdmGwvayCxrgryWOto+kwaA0rAlVzELC1+yQa6ZEQ', 'LA MAROCAINE D\'HEBERGEMENT UNIVERSITAIRE RABAT : CENTRE 02'),
(88, 'SASSTS:S', '[\"ROLE_ADMIN\"]', '$argon2id$v=19$m=65536,t=4,p=1$REoxWk1SREpwdDI1cjNCVA$aDZdmGwvayCxrgryWOto+kwaA0rAlVzELC1+yQa6ZEQ', 'SOCIETE AFRICAINE DES SERVICES DE LA SANTE-TRAVAUX - SOCIETE AFRICAINE DES SERVICES DE LA SANTE-TRAVAUX : STRUCTURE'),
(89, 'SASSTS:T', '[\"ROLE_ADMIN\"]', '$argon2id$v=19$m=65536,t=4,p=1$REoxWk1SREpwdDI1cjNCVA$aDZdmGwvayCxrgryWOto+kwaA0rAlVzELC1+yQa6ZEQ', 'SOCIETE AFRICAINE DES SERVICES DE LA SANTE-TRAVAUX - SOCIETE AFRICAINE DES SERVICES DE LA SANTE-TRAVAUX : TECHNIQUE'),
(90, 'SASSTS:A', '[\"ROLE_ADMIN\"]', '$argon2id$v=19$m=65536,t=4,p=1$REoxWk1SREpwdDI1cjNCVA$aDZdmGwvayCxrgryWOto+kwaA0rAlVzELC1+yQa6ZEQ', 'SOCIETE AFRICAINE DES SERVICES DE LA SANTE-TRAVAUX - SOCIETE AFRICAINE DES SERVICES DE LA SANTE-TRAVAUX : ARCHI'),
(91, 'SASMFCZ', '[\"ROLE_ADMIN\"]', '$argon2id$v=19$m=65536,t=4,p=1$REoxWk1SREpwdDI1cjNCVA$aDZdmGwvayCxrgryWOto+kwaA0rAlVzELC1+yQa6ZEQ', 'SOCIETE AFRICAINE DES SERVICES DE MAINTENANCE FCZ'),
(92, 'SAICFCZR', '[\"ROLE_ADMIN\"]', '$argon2id$v=19$m=65536,t=4,p=1$REoxWk1SREpwdDI1cjNCVA$aDZdmGwvayCxrgryWOto+kwaA0rAlVzELC1+yQa6ZEQ', 'SOCIETE AFRICAINE D\'IMPRESSION : CENTRE FCZ RABAT'),
(93, 'SASSMN', '[\"ROLE_ADMIN\"]', '$argon2id$v=19$m=65536,t=4,p=1$REoxWk1SREpwdDI1cjNCVA$aDZdmGwvayCxrgryWOto+kwaA0rAlVzELC1+yQa6ZEQ', 'SOCIETE AFRICAINE DES SERVICES DE LA SANTE-METIERS - SOCIETE AFRICAINE DES SERVICES DE LA SANTE-METIERS : NETTOYAGE'),
(94, 'SASSMS', '[\"ROLE_ADMIN\"]', '$argon2id$v=19$m=65536,t=4,p=1$REoxWk1SREpwdDI1cjNCVA$aDZdmGwvayCxrgryWOto+kwaA0rAlVzELC1+yQa6ZEQ', 'SOCIETE AFRICAINE DES SERVICES DE LA SANTE-METIERS - SOCIETE AFRICAINE DES SERVICES DE LA SANTE-METIERS : SECURITE'),
(95, 'SASSMJ', '[\"ROLE_ADMIN\"]', '$argon2id$v=19$m=65536,t=4,p=1$REoxWk1SREpwdDI1cjNCVA$aDZdmGwvayCxrgryWOto+kwaA0rAlVzELC1+yQa6ZEQ', 'SOCIETE AFRICAINE DES SERVICES DE LA SANTE-METIERS - SOCIETE AFRICAINE DES SERVICES DE LA SANTE-METIERS : JARDINNAGE'),
(96, 'SASSMAS', '[\"ROLE_ADMIN\"]', '$argon2id$v=19$m=65536,t=4,p=1$REoxWk1SREpwdDI1cjNCVA$aDZdmGwvayCxrgryWOto+kwaA0rAlVzELC1+yQa6ZEQ', 'SOCIETE AFRICAINE DES SERVICES DE LA SANTE-METIERS - SOCIETE AFRICAINE DES SERVICES DE LA SANTE-METIERS : AIDE SOIGNANT'),
(97, 'SAEISFCZ', '[\"ROLE_ADMIN\"]', '$argon2id$v=19$m=65536,t=4,p=1$REoxWk1SREpwdDI1cjNCVA$aDZdmGwvayCxrgryWOto+kwaA0rAlVzELC1+yQa6ZEQ', 'SOCIETE AFRICAINE DES ETUDES ET INGENIERIE DE LA SANTE FCZ'),
(98, 'SALCLFCZRP', '[\"ROLE_ADMIN\"]', '$argon2id$v=19$m=65536,t=4,p=1$REoxWk1SREpwdDI1cjNCVA$aDZdmGwvayCxrgryWOto+kwaA0rAlVzELC1+yQa6ZEQ', 'SOCIETE AFRICAINE DE LA LOGISTIQUE : CENTRE LOGISTIQUE FCZ RABAT - CENTRE LOGISTIQUE FCZ RABAT : PARC'),
(100, 'SASDCSRCSRB', '[\"ROLE_ADMIN\"]', '$argon2id$v=19$m=65536,t=4,p=1$REoxWk1SREpwdDI1cjNCVA$aDZdmGwvayCxrgryWOto+kwaA0rAlVzELC1+yQa6ZEQ', 'SOCIETE AFRICAINE DES SERVICES DIVERS: L’CASIS SERVICES RABAT - L’CASIS SERVICES RABAT - BUANDERIE'),
(101, 'SASDCSRCSRL', '[\"ROLE_ADMIN\"]', '$argon2id$v=19$m=65536,t=4,p=1$REoxWk1SREpwdDI1cjNCVA$aDZdmGwvayCxrgryWOto+kwaA0rAlVzELC1+yQa6ZEQ', 'SOCIETE AFRICAINE DES SERVICES DIVERS: L’CASIS SERVICES RABAT - L’CASIS SERVICES RABAT - LAVOMATIC'),
(102, 'SASDCSRCSRC', '[\"ROLE_ADMIN\"]', '$argon2id$v=19$m=65536,t=4,p=1$REoxWk1SREpwdDI1cjNCVA$aDZdmGwvayCxrgryWOto+kwaA0rAlVzELC1+yQa6ZEQ', 'SOCIETE AFRICAINE DES SERVICES DIVERS: L’CASIS SERVICES RABAT - L’CASIS SERVICES RABAT - COIFFURE'),
(103, 'SASDCSRCSRE', '[\"ROLE_ADMIN\"]', '$argon2id$v=19$m=65536,t=4,p=1$REoxWk1SREpwdDI1cjNCVA$aDZdmGwvayCxrgryWOto+kwaA0rAlVzELC1+yQa6ZEQ', 'SOCIETE AFRICAINE DES SERVICES DIVERS: L’CASIS SERVICES RABAT - L’CASIS SERVICES RABAT - EPICERIE'),
(104, 'SASDCSRCSRCA', '[\"ROLE_ADMIN\"]', '$argon2id$v=19$m=65536,t=4,p=1$REoxWk1SREpwdDI1cjNCVA$aDZdmGwvayCxrgryWOto+kwaA0rAlVzELC1+yQa6ZEQ', 'SOCIETE AFRICAINE DES SERVICES DIVERS: L’CASIS SERVICES RABAT - L’CASIS SERVICES RABAT - CENTRE D APPEL'),
(105, 'SASDCSRCSRER', '[\"ROLE_ADMIN\"]', '$argon2id$v=19$m=65536,t=4,p=1$REoxWk1SREpwdDI1cjNCVA$aDZdmGwvayCxrgryWOto+kwaA0rAlVzELC1+yQa6ZEQ', 'SOCIETE AFRICAINE DES SERVICES DIVERS: L’CASIS SERVICES RABAT - L’CASIS SERVICES RABAT - ESPACES REPOS'),
(106, 'SASDCSRCSRCSC', '[\"ROLE_ADMIN\"]', '$argon2id$v=19$m=65536,t=4,p=1$REoxWk1SREpwdDI1cjNCVA$aDZdmGwvayCxrgryWOto+kwaA0rAlVzELC1+yQa6ZEQ', 'SOCIETE AFRICAINE DES SERVICES DIVERS: L’CASIS SERVICES RABAT - L’CASIS SERVICES RABAT - CENTRE SPORTIVO-CULTUREL'),
(107, 'SAAI', '[\"ROLE_ADMIN\"]', '$argon2id$v=19$m=65536,t=4,p=1$REoxWk1SREpwdDI1cjNCVA$aDZdmGwvayCxrgryWOto+kwaA0rAlVzELC1+yQa6ZEQ', 'SOCIETE AFRICAINE DE L\'ARCHIVAGE INSTITUTIONNEL'),
(108, 'admin', '[\"ROLE_ADMIN\"]', '$argon2id$v=19$m=65536,t=4,p=1$RW81LzAvSXd4LnVBV2VkQg$6MSFUSchX/t1Gz0BKfKCg1ce3lfF7Lsyh0YqG+G7dxs', NULL);

-- --------------------------------------------------------

--
-- Table structure for table `user_affectation`
--

CREATE TABLE `user_affectation` (
  `id` int(11) NOT NULL,
  `user_id` int(11) DEFAULT NULL,
  `nv1_id` int(11) DEFAULT NULL,
  `nv2_id` int(11) DEFAULT NULL,
  `nv3_id` int(11) DEFAULT NULL,
  `nv4_id` int(11) DEFAULT NULL,
  `nv5_id` int(11) DEFAULT NULL
) ENGINE=InnoDB DEFAULT CHARSET=utf8mb4 COLLATE=utf8mb4_unicode_ci;

--
-- Indexes for dumped tables
--

--
-- Indexes for table `doctrine_migration_versions`
--
ALTER TABLE `doctrine_migration_versions`
  ADD PRIMARY KEY (`version`);

--
-- Indexes for table `nv1`
--
ALTER TABLE `nv1`
  ADD PRIMARY KEY (`id`);

--
-- Indexes for table `nv2`
--
ALTER TABLE `nv2`
  ADD PRIMARY KEY (`id`),
  ADD KEY `IDX_CBAB0C824395900` (`nv1_id`);

--
-- Indexes for table `nv3`
--
ALTER TABLE `nv3`
  ADD PRIMARY KEY (`id`),
  ADD KEY `IDX_7BBD805E368CF6EE` (`nv2_id`);

--
-- Indexes for table `nv4`
--
ALTER TABLE `nv4`
  ADD PRIMARY KEY (`id`),
  ADD KEY `IDX_E5D915FD8E30918B` (`nv3_id`);

--
-- Indexes for table `nv5`
--
ALTER TABLE `nv5`
  ADD PRIMARY KEY (`id`),
  ADD KEY `IDX_92DE256B13E7A932` (`nv4_id`);

--
-- Indexes for table `tacces`
--
ALTER TABLE `tacces`
  ADD PRIMARY KEY (`id`),
  ADD KEY `IDX_37A7227968F657B` (`user_affectation_id`),
  ADD KEY `IDX_37A722799D32F035` (`action_id`),
  ADD KEY `IDX_37A72279C33F7837` (`document_id`);

--
-- Indexes for table `taction`
--
ALTER TABLE `taction`
  ADD PRIMARY KEY (`id`),
  ADD KEY `IDX_73450677FEC743A8` (`etat_urgence_id`),
  ADD KEY `IDX_734506776713A90F` (`taction_id`);

--
-- Indexes for table `taction_reponse`
--
ALTER TABLE `taction_reponse`
  ADD PRIMARY KEY (`id`),
  ADD KEY `IDX_F5C93C96713A90F` (`taction_id`),
  ADD KEY `IDX_F5C93C9C33F7837` (`document_id`);

--
-- Indexes for table `tdocument`
--
ALTER TABLE `tdocument`
  ADD PRIMARY KEY (`id`);

--
-- Indexes for table `tdocument_version`
--
ALTER TABLE `tdocument_version`
  ADD PRIMARY KEY (`id`),
  ADD KEY `IDX_299B264BC33F7837` (`document_id`);

--
-- Indexes for table `type_action`
--
ALTER TABLE `type_action`
  ADD PRIMARY KEY (`id`);

--
-- Indexes for table `urgence`
--
ALTER TABLE `urgence`
  ADD PRIMARY KEY (`id`);

--
-- Indexes for table `user`
--
ALTER TABLE `user`
  ADD PRIMARY KEY (`id`),
  ADD UNIQUE KEY `UNIQ_8D93D649F85E0677` (`username`);

--
-- Indexes for table `user_affectation`
--
ALTER TABLE `user_affectation`
  ADD PRIMARY KEY (`id`),
  ADD KEY `IDX_5DC6A846A76ED395` (`user_id`),
  ADD KEY `IDX_5DC6A8468E30918B` (`nv3_id`),
  ADD KEY `IDX_5DC6A846368CF6EE` (`nv2_id`),
  ADD KEY `IDX_5DC6A84624395900` (`nv1_id`),
  ADD KEY `IDX_5DC6A84613E7A932` (`nv4_id`),
  ADD KEY `IDX_5DC6A846AB5BCE57` (`nv5_id`);

--
-- AUTO_INCREMENT for dumped tables
--

--
-- AUTO_INCREMENT for table `nv1`
--
ALTER TABLE `nv1`
  MODIFY `id` int(11) NOT NULL AUTO_INCREMENT, AUTO_INCREMENT=5;

--
-- AUTO_INCREMENT for table `nv2`
--
ALTER TABLE `nv2`
  MODIFY `id` int(11) NOT NULL AUTO_INCREMENT, AUTO_INCREMENT=39;

--
-- AUTO_INCREMENT for table `nv3`
--
ALTER TABLE `nv3`
  MODIFY `id` int(11) NOT NULL AUTO_INCREMENT, AUTO_INCREMENT=51;

--
-- AUTO_INCREMENT for table `nv4`
--
ALTER TABLE `nv4`
  MODIFY `id` int(11) NOT NULL AUTO_INCREMENT, AUTO_INCREMENT=172;

--
-- AUTO_INCREMENT for table `nv5`
--
ALTER TABLE `nv5`
  MODIFY `id` int(11) NOT NULL AUTO_INCREMENT, AUTO_INCREMENT=1402;

--
-- AUTO_INCREMENT for table `tacces`
--
ALTER TABLE `tacces`
  MODIFY `id` int(11) NOT NULL AUTO_INCREMENT;

--
-- AUTO_INCREMENT for table `taction`
--
ALTER TABLE `taction`
  MODIFY `id` int(11) NOT NULL AUTO_INCREMENT, AUTO_INCREMENT=85;

--
-- AUTO_INCREMENT for table `taction_reponse`
--
ALTER TABLE `taction_reponse`
  MODIFY `id` int(11) NOT NULL AUTO_INCREMENT, AUTO_INCREMENT=33;

--
-- AUTO_INCREMENT for table `tdocument`
--
ALTER TABLE `tdocument`
  MODIFY `id` int(11) NOT NULL AUTO_INCREMENT, AUTO_INCREMENT=352;

--
-- AUTO_INCREMENT for table `tdocument_version`
--
ALTER TABLE `tdocument_version`
  MODIFY `id` int(11) NOT NULL AUTO_INCREMENT, AUTO_INCREMENT=46;

--
-- AUTO_INCREMENT for table `type_action`
--
ALTER TABLE `type_action`
  MODIFY `id` int(11) NOT NULL AUTO_INCREMENT, AUTO_INCREMENT=4;

--
-- AUTO_INCREMENT for table `urgence`
--
ALTER TABLE `urgence`
  MODIFY `id` int(11) NOT NULL AUTO_INCREMENT, AUTO_INCREMENT=7;

--
-- AUTO_INCREMENT for table `user`
--
ALTER TABLE `user`
  MODIFY `id` int(11) NOT NULL AUTO_INCREMENT, AUTO_INCREMENT=109;

--
-- AUTO_INCREMENT for table `user_affectation`
--
ALTER TABLE `user_affectation`
  MODIFY `id` int(11) NOT NULL AUTO_INCREMENT;

--
-- Constraints for dumped tables
--

--
-- Constraints for table `nv2`
--
ALTER TABLE `nv2`
  ADD CONSTRAINT `FK_CBAB0C824395900` FOREIGN KEY (`nv1_id`) REFERENCES `nv1` (`id`);

--
-- Constraints for table `nv3`
--
ALTER TABLE `nv3`
  ADD CONSTRAINT `FK_7BBD805E368CF6EE` FOREIGN KEY (`nv2_id`) REFERENCES `nv2` (`id`);

--
-- Constraints for table `nv4`
--
ALTER TABLE `nv4`
  ADD CONSTRAINT `FK_E5D915FD8E30918B` FOREIGN KEY (`nv3_id`) REFERENCES `nv3` (`id`);

--
-- Constraints for table `nv5`
--
ALTER TABLE `nv5`
  ADD CONSTRAINT `FK_92DE256B13E7A932` FOREIGN KEY (`nv4_id`) REFERENCES `nv4` (`id`);

--
-- Constraints for table `tacces`
--
ALTER TABLE `tacces`
  ADD CONSTRAINT `FK_37A7227968F657B` FOREIGN KEY (`user_affectation_id`) REFERENCES `user_affectation` (`id`),
  ADD CONSTRAINT `FK_37A722799D32F035` FOREIGN KEY (`action_id`) REFERENCES `taction` (`id`),
  ADD CONSTRAINT `FK_37A72279C33F7837` FOREIGN KEY (`document_id`) REFERENCES `tdocument` (`id`);

--
-- Constraints for table `taction`
--
ALTER TABLE `taction`
  ADD CONSTRAINT `FK_734506776713A90F` FOREIGN KEY (`taction_id`) REFERENCES `type_action` (`id`),
  ADD CONSTRAINT `FK_73450677FEC743A8` FOREIGN KEY (`etat_urgence_id`) REFERENCES `urgence` (`id`);

--
-- Constraints for table `taction_reponse`
--
ALTER TABLE `taction_reponse`
  ADD CONSTRAINT `FK_F5C93C96713A90F` FOREIGN KEY (`taction_id`) REFERENCES `taction` (`id`),
  ADD CONSTRAINT `FK_F5C93C9C33F7837` FOREIGN KEY (`document_id`) REFERENCES `tdocument` (`id`);

--
-- Constraints for table `tdocument_version`
--
ALTER TABLE `tdocument_version`
  ADD CONSTRAINT `FK_299B264BC33F7837` FOREIGN KEY (`document_id`) REFERENCES `tdocument` (`id`);

--
-- Constraints for table `user_affectation`
--
ALTER TABLE `user_affectation`
  ADD CONSTRAINT `FK_5DC6A84613E7A932` FOREIGN KEY (`nv4_id`) REFERENCES `nv4` (`id`),
  ADD CONSTRAINT `FK_5DC6A84624395900` FOREIGN KEY (`nv1_id`) REFERENCES `nv1` (`id`),
  ADD CONSTRAINT `FK_5DC6A846368CF6EE` FOREIGN KEY (`nv2_id`) REFERENCES `nv2` (`id`),
  ADD CONSTRAINT `FK_5DC6A8468E30918B` FOREIGN KEY (`nv3_id`) REFERENCES `nv3` (`id`),
  ADD CONSTRAINT `FK_5DC6A846A76ED395` FOREIGN KEY (`user_id`) REFERENCES `user` (`id`),
  ADD CONSTRAINT `FK_5DC6A846AB5BCE57` FOREIGN KEY (`nv5_id`) REFERENCES `nv5` (`id`);
COMMIT;

/*!40101 SET CHARACTER_SET_CLIENT=@OLD_CHARACTER_SET_CLIENT */;
/*!40101 SET CHARACTER_SET_RESULTS=@OLD_CHARACTER_SET_RESULTS */;
/*!40101 SET COLLATION_CONNECTION=@OLD_COLLATION_CONNECTION */;
